0,0.7222802106107529
0,0.704578154720395
0,0.708811115425512
0,0.7088111154255119
0,0.6888841847060095
0,0.6852644380730816
1,0.41372372080469316
2,0.2098367445907476
3,5.211676340301298
4,5.2692818988901315
5,5.069569187974339
6,5.611415478832995
7,5.841090377708757
8,5.840811435550206
9,5.842501291763726
10,7.928318085783819
11,7.928318085783819
12,7.928318085783819
13,7.928318085783819
0,0.6852644380730816
1,0.4415023215495942
2,0.26958510473264746
3,0.5346952871912819
4,0.7907021144118972
5,0.7448386657344452
6,0.7200860787217711
7,1.269460787325022
8,1.2185363013896353
9,1.5015225766683502
10,1.435938724235114
11,1.4034342107665987
12,2.4110955042721103
13,2.5905041055644413
14,2.627084413726333
15,2.6525729369557007
16,2.6556559959552644
17,2.6528549114586593
18,2.7172488644150032
19,3.655893034507412
20,3.657524148040902
21,3.6615860228039385
22,3.6976623931188533
23,3.7954766368383717
24,3.7803898106607874
25,3.7794819860546083
26,3.7811980016472995
27,3.7832266445899863
28,3.7854959037210154
29,3.786684645748148
30,3.7704503209345006
31,3.8977303087451913
32,4.086042917420744
33,4.087668742213618
34,4.0894483480042245
35,4.091412451939846
36,4.093603945962369
37,4.096085482968963
38,4.098954784177369
39,4.102380336224305
40,4.1067058799540455
41,4.112916433692285
42,4.135567506292138
43,4.164480505579445
44,4.169652839773642
45,4.1792597478200415
46,4.201264710856342
47,4.30153885507684
48,4.30153885507684
49,4.30153885507684
50,4.30153885507684
51,4.30153885507684
52,4.30153885507684
53,4.30153885507684
54,4.30153885507684
55,4.30153885507684
56,4.30153885507684
57,4.30153885507684
58,4.30153885507684
59,4.30153885507684
60,4.30153885507684
61,4.30153885507684
62,4.30153885507684
63,4.30153885507684
64,4.30153885507684
65,4.30153885507684
66,4.30153885507684
67,4.30153885507684
68,4.30153885507684
69,4.30153885507684
70,4.30153885507684
71,4.30153885507684
72,4.30153885507684
73,4.30153885507684
74,4.30153885507684
75,4.30153885507684
76,4.30153885507684
77,4.30153885507684
78,4.30153885507684
79,4.30153885507684
80,4.30153885507684
81,4.30153885507684
82,4.30153885507684
83,4.30153885507684
84,4.30153885507684
85,4.30153885507684
86,4.30153885507684
87,4.30153885507684
88,4.30153885507684
89,4.30153885507684
90,4.30153885507684
91,4.30153885507684
92,4.30153885507684
93,4.30153885507684
94,4.30153885507684
95,4.30153885507684
96,4.30153885507684
97,4.30153885507684
98,4.30153885507684
99,4.30153885507684
100,4.30153885507684
101,4.30153885507684
102,4.30153885507684
103,4.30153885507684
104,4.30153885507684
105,4.30153885507684
106,4.30153885507684
107,4.30153885507684
108,4.30153885507684
109,4.30153885507684
110,4.30153885507684
111,4.30153885507684
112,4.30153885507684
113,4.30153885507684
114,4.30153885507684
115,4.30153885507684
116,4.30153885507684
117,4.30153885507684
118,4.30153885507684
119,4.30153885507684
120,4.30153885507684
121,4.30153885507684
122,4.30153885507684
123,4.30153885507684
124,4.30153885507684
125,4.30153885507684
126,4.30153885507684
127,4.30153885507684
128,4.30153885507684
129,4.30153885507684
130,4.30153885507684
131,4.30153885507684
132,4.30153885507684
133,4.30153885507684
134,4.30153885507684
135,4.30153885507684
136,4.30153885507684
137,4.30153885507684
138,4.30153885507684
139,4.30153885507684
140,4.30153885507684
141,4.30153885507684
142,4.30153885507684
143,4.30153885507684
144,4.30153885507684
145,4.30153885507684
146,4.30153885507684
147,4.30153885507684
148,4.30153885507684
149,4.30153885507684
150,4.30153885507684
151,4.30153885507684
152,4.30153885507684
153,4.30153885507684
154,4.30153885507684
155,4.30153885507684
156,4.30153885507684
157,4.30153885507684
158,4.30153885507684
159,4.30153885507684
160,4.30153885507684
161,4.30153885507684
162,4.30153885507684
163,4.30153885507684
164,4.30153885507684
165,4.30153885507684
166,4.30153885507684
167,4.30153885507684
168,4.30153885507684
169,4.30153885507684
170,4.30153885507684
171,4.30153885507684
172,4.30153885507684
173,4.30153885507684
174,4.30153885507684
175,4.30153885507684
176,4.30153885507684
177,4.30153885507684
178,4.30153885507684
179,4.30153885507684
180,4.30153885507684
181,4.30153885507684
182,4.30153885507684
183,4.30153885507684
184,4.30153885507684
185,4.30153885507684
186,4.30153885507684
187,4.30153885507684
188,4.30153885507684
189,4.30153885507684
190,4.30153885507684
191,4.30153885507684
192,4.30153885507684
193,4.30153885507684
194,4.30153885507684
195,4.30153885507684
196,4.30153885507684
197,4.30153885507684
198,4.30153885507684
199,4.30153885507684
200,4.30153885507684
201,4.30153885507684
202,4.30153885507684
203,4.30153885507684
204,4.30153885507684
205,4.30153885507684
206,4.30153885507684
207,4.30153885507684
208,4.30153885507684
209,4.30153885507684
210,4.30153885507684
211,4.30153885507684
212,4.30153885507684
213,4.30153885507684
214,4.30153885507684
215,4.30153885507684
216,4.30153885507684
217,4.30153885507684
218,4.30153885507684
219,4.30153885507684
220,4.30153885507684
221,4.30153885507684
222,4.30153885507684
223,4.30153885507684
224,4.30153885507684
225,4.30153885507684
226,4.30153885507684
227,4.30153885507684
228,4.30153885507684
229,4.30153885507684
230,4.30153885507684
231,4.30153885507684
232,4.30153885507684
233,4.30153885507684
234,4.30153885507684
235,4.30153885507684
236,4.30153885507684
237,4.30153885507684
238,4.30153885507684
239,4.30153885507684
240,4.30153885507684
241,4.30153885507684
242,4.30153885507684
243,4.30153885507684
244,4.30153885507684
245,4.30153885507684
246,4.30153885507684
247,4.30153885507684
248,4.30153885507684
249,4.30153885507684
250,4.30153885507684
251,4.30153885507684
252,4.30153885507684
253,4.30153885507684
254,4.30153885507684
255,4.30153885507684
256,4.30153885507684
257,4.30153885507684
258,4.30153885507684
259,4.30153885507684
260,4.30153885507684
261,4.30153885507684
262,4.30153885507684
263,4.30153885507684
264,4.30153885507684
265,4.30153885507684
266,4.30153885507684
267,4.30153885507684
268,4.30153885507684
269,4.30153885507684
270,4.30153885507684
271,4.30153885507684
272,4.30153885507684
273,4.30153885507684
274,4.30153885507684
275,4.30153885507684
276,4.30153885507684
277,4.30153885507684
278,4.30153885507684
279,4.30153885507684
280,4.30153885507684
281,4.30153885507684
282,4.30153885507684
283,4.30153885507684
284,4.30153885507684
285,4.30153885507684
286,4.30153885507684
287,4.30153885507684
288,4.30153885507684
289,4.30153885507684
290,4.30153885507684
291,4.30153885507684
292,4.30153885507684
293,4.30153885507684
294,4.30153885507684
295,4.30153885507684
296,4.30153885507684
297,4.30153885507684
298,4.30153885507684
299,4.30153885507684
0,0.7131710392033549
1,0.6813539374074592
2,0.6511374404749772
3,0.6238078051019192
4,0.5960260236057785
5,0.5701281012679276
6,0.5440137149314407
7,0.521618998689034
8,0.4979543808264006
9,0.4739543156739585
10,0.45389515598738867
11,0.430783289123465
12,0.4096410942578838
13,0.3891461388529217
14,0.36482186050009846
15,0.3441109697421019
16,0.32423343222167306
17,0.2897557499786008
18,0.2595554550973517
19,0.22817644700919718
20,0.22823607570896765
21,0.22974040786574584
22,0.23114416603580173
23,0.2324366472964884
24,0.23362156773531254
25,0.23470601477269484
26,0.23569789571612085
27,0.23660502100036254
28,0.23689551346326038
29,0.23751426704388653
30,0.23958902343084845
31,0.19120908417903154
32,0.15661763652154476
33,0.1668991897369197
34,0.5332375029871634
35,0.5450563002264555
36,0.5179076066555801
37,1.0623628949934993
38,1.070604304783034
39,1.063131980429626
40,1.0585300461702611
41,1.095054304468894
42,1.0573947492967204
43,1.046817823859656
44,1.0492741798511196
45,1.0285257578753455
46,1.042103101946509
47,1.0738192835420144
48,1.3967579520096152
49,1.4026513952119744
50,1.5750626807879704
51,1.6451539853794657
52,1.715161303014299
53,1.8475045128808243
54,1.8925593294904681
55,1.94055509426089
56,1.9375626368050598
57,1.9682451516238608
58,1.9905571130566095
59,2.002837630592102
60,2.0435502641709014
61,2.0893010272547072
62,2.1644296643699876
63,2.3130998582149465
64,2.3397312607608
65,2.4079721869597135
66,2.49543765755246
67,2.5738802005205743
68,2.6683821380280475
69,2.808117520335841
70,2.8660548672763184
71,2.928171018343027
72,2.982315703557323
73,3.0263204044935508
74,3.1232279650127786
75,3.3152533879541877
76,3.49948656966084
77,3.5752281392944245
78,3.6149100260316755
79,3.679317450223762
80,3.847774738008287
81,3.852044553499516
82,3.873758890543244
83,3.8851820604079097
84,4.008226522358718
85,4.044136672936863
86,4.087740572185626
87,4.371508505669932
88,4.3815564306285735
89,4.420250935229988
90,4.488620617134953
91,4.488987355888982
92,4.497509103371057
93,4.5246042698819755
94,4.527798598265127
95,4.532031393188103
96,4.538268013288829
97,4.658557232045903
98,4.683081074814299
99,4.733807391414667
100,4.743980905338841
101,4.7899248174015785
102,4.79258634336157
103,4.798430269544956
104,4.81322304380279
105,4.8367506537448
106,4.838142513284331
107,4.839876755493198
108,4.842184333228773
109,4.845674187336384
110,4.853608457139992
111,4.880956235210281
112,4.883567546979338
113,4.892074233876678
114,4.892067717912508
115,4.892061220278228
116,4.892054740988771
117,4.892048280056886
118,4.8792460173114085
119,4.8920354133062105
120,4.892029007502435
121,4.892022620086362
122,4.8920162510605385
123,4.892009900425613
124,4.876204520153264
125,4.877194211443613
126,4.891990958845104
127,4.874340408067369
128,4.874461957802871
129,4.874605436948967
130,4.874778975739977
131,4.874996246424776
132,4.875282884013496
133,4.875695800778451
134,4.876410120187821
135,4.878656051839284
136,4.891944776354826
137,4.891944776354826
138,4.891944776354826
139,4.891944776354826
140,4.891944776354826
141,4.873370058032544
142,4.873440037984574
143,4.87351614392139
144,4.873599430308847
145,4.8736912556030685
146,4.873793410688711
147,4.873908322845479
148,4.874039395378052
149,4.8741916071634135
150,4.874372652243624
151,4.874595326281144
152,4.874883236700237
153,4.87528744877307
154,4.875954252025007
155,4.877741520769562
156,4.891944776354826
157,4.891944776354826
158,4.891944776354826
159,4.870858850594899
160,4.870858850594899
161,4.870858850594899
162,4.870858850594899
163,4.870858850594899
164,4.870858850594899
165,4.870858850594899
166,4.870858850594899
167,4.870858850594899
168,4.870858850594899
169,4.870858850594899
170,4.870858850594899
171,4.870858850594899
172,4.870858850594899
173,4.870858850594899
174,4.870858850594899
175,4.870858850594899
176,4.870858850594899
177,4.870858850594899
178,4.870858850594899
179,4.870858850594899
180,4.870858850594899
181,4.870858850594899
182,4.870858850594899
183,4.870858850594899
184,4.870858850594899
185,4.870858850594899
186,4.870858850594899
187,4.870858850594899
188,4.870858850594899
189,4.870858850594899
190,4.870858850594899
191,4.870858850594899
192,4.870858850594899
193,4.870858850594899
194,4.870858850594899
195,4.870858850594899
196,4.870858850594899
197,4.870858850594899
198,4.870858850594899
199,4.870858850594899
200,4.870858850594899
201,4.870858850594899
202,4.870858850594899
203,4.870858850594899
204,4.870858850594899
205,4.870858850594899
206,4.870858850594899
207,4.870858850594899
208,4.870858850594899
209,4.870858850594899
210,4.870858850594899
211,4.870858850594899
212,4.870858850594899
213,4.870858850594899
214,4.870858850594899
215,4.870858850594899
216,4.870858850594899
217,4.870858850594899
218,4.870858850594899
219,4.870858850594899
220,4.870858850594899
221,4.870858850594899
222,4.870858850594899
223,4.870858850594899
224,4.870858850594899
225,4.870858850594899
226,4.870858850594899
227,4.870858850594899
228,4.870858850594899
229,4.870858850594899
230,4.870858850594899
231,4.870858850594899
232,4.870858850594899
233,4.870858850594899
234,4.870858850594899
235,4.870858850594899
236,4.870858850594899
237,4.870858850594899
238,4.870858850594899
239,4.870858850594899
240,4.870858850594899
241,4.870858850594899
242,4.870858850594899
243,4.870858850594899
244,4.870858850594899
245,4.870858850594899
246,4.870858850594899
247,4.870858850594899
248,4.870858850594899
249,4.870858850594899
250,4.870858850594899
251,4.870858850594899
252,4.870858850594899
253,4.870858850594899
254,4.870858850594899
255,4.870858850594899
256,4.870858850594899
257,4.870858850594899
258,4.870858850594899
259,4.870858850594899
260,4.870858850594899
261,4.870858850594899
262,4.870858850594899
263,4.870858850594899
264,4.870858850594899
265,4.870858850594899
266,4.870858850594899
267,4.870858850594899
268,4.870858850594899
269,4.870858850594899
270,4.870858850594899
271,4.870858850594899
272,4.870858850594899
273,4.870858850594899
274,4.870858850594899
275,4.870858850594899
276,4.870858850594899
277,4.870858850594899
278,4.870858850594899
279,4.870858850594899
280,4.870858850594899
281,4.870858850594899
282,4.870858850594899
283,4.870858850594899
284,4.870858850594899
285,4.870858850594899
286,4.870858850594899
287,4.870858850594899
288,4.870858850594899
289,4.870858850594899
290,4.870858850594899
291,4.870858850594899
292,4.870858850594899
293,4.870858850594899
294,4.870858850594899
295,4.870858850594899
296,4.870858850594899
297,4.870858850594899
298,4.870858850594899
299,4.870858850594899
0,0.6926245362832916
1,0.6623826932881857
2,0.6338227230910151
3,0.60674262999655
4,0.5812562936428893
5,0.5592745807697926
6,0.535666098483549
7,0.5172188534364759
8,0.4967760383681596
9,0.47719713992746887
10,0.45927896301556725
11,0.4420100561064789
12,0.4260367914910002
13,0.410780018375209
14,0.3964633876151598
15,0.384960067887528
16,0.3734323806174429
17,0.35793245973566334
18,0.3492794008824077
19,0.34064669542401393
20,0.3317896103828811
21,0.32017594893724444
22,0.3174571978319873
23,0.3163075380067861
24,0.3046103852884408
25,0.2799987174003327
26,0.26351021527563984
27,0.26046652124348046
28,0.23564050609691123
29,0.2173667416212827
30,0.22017629906061054
31,0.22213189352072218
32,0.20445554564972515
33,0.19395842187967194
34,0.19498006568106974
35,0.2141548971471518
36,0.23634640513070676
37,0.21973361834743124
38,0.20853755872945468
39,0.2141205594572377
40,0.23494220729244222
41,1.030585337274418
42,2.4142174960011897
43,2.5333474897502044
44,3.2243054918549454
45,2.8760864369847736
46,2.6939668264946515
47,2.9584931580343876
48,3.0236695088805337
49,3.0012669666774303
50,3.0253686947869167
51,3.5206839508283343
52,5.092880860386074
53,5.623562572426028
54,5.66004074149992
55,5.675136153168536
56,5.655382864098824
57,5.624566056589948
58,5.5828986486069
59,5.558647084790972
60,5.571000662416761
61,5.608648773354609
62,5.594280355706461
63,5.9199453638349935
64,5.931992249513461
65,5.971520983941169
66,5.982526601673479
67,6.050191709341152
68,6.054629308067653
69,6.074330310210892
70,6.094434684323884
71,6.094431396575659
72,6.094428041696693
73,6.09442462201777
74,6.094421139704637
75,6.0944175967766485
76,6.094413995122585
77,6.094410336197213
78,6.094406621683428
79,6.0944028531673196
80,6.094399032147108
81,6.094395160040954
82,6.094391238193833
83,6.094387267883589
84,6.094383250326311
85,6.094379186681114
86,6.094375078054407
87,6.09437092550372
88,6.094366730041154
89,6.094362492636472
90,6.094358214219927
91,6.09435389568479
92,6.094349537889687
93,6.094345141660697
94,6.094340707793297
95,6.094336237054123
96,6.094331730182599
97,6.094327187892431
98,6.094322610872982
99,6.094317999790548
100,6.0335919167431085
101,5.98135755605325
102,5.939090183856151
103,5.895862761691549
104,5.8847316351651235
105,5.8746171920734085
106,5.832597658360028
107,6.0310221818951835
108,6.031017291667365
109,6.031012373161374
110,6.031007426847343
111,6.031002453182333
112,6.030997452610836
113,6.030992425565254
114,6.030987372466359
115,6.030982293723711
116,6.030977189736064
117,6.03097206089175
118,6.030966907569033
119,6.030961730136456
120,6.030956528953162
121,6.0309513043692045
122,6.030946056725834
123,6.030940786355779
124,6.030935493583508
125,6.030930178725483
126,6.030924842090393
127,6.030919483979386
128,6.030914104686287
129,6.030908704497799
130,6.03090328369371
131,6.030897842547069
132,6.030892381324381
133,6.030886900285771
134,6.030881399685148
135,6.03087587977037
136,6.03087034078339
137,6.030864782960402
138,6.030859206531982
139,6.030853611723221
140,6.030847998753851
141,6.030842367838371
142,6.030836719186163
143,6.030831053001605
144,6.030825369484183
145,6.030819668828593
146,6.0308139512248395
147,6.0308082168583415
148,6.030802465910015
149,6.030796698556368
150,6.030790914969587
151,6.030785115317618
152,6.0307792997642515
153,6.030773468469192
154,6.030767621588138
155,6.030761759272853
156,6.030755881671231
157,6.030749988927369
158,6.030744081181621
159,6.030738158570675
160,6.030732221227599
161,6.030726269281902
162,6.030720302859593
163,6.030714322083232
164,6.030708327071977
165,6.030702317941644
166,6.030696294804744
167,6.030690257770535
168,6.030684206945063
169,6.030678142431208
170,6.030672064328723
171,6.030665972734272
172,6.030659867741472
173,6.030653749440926
174,6.030647617920261
175,6.030641473264159
176,6.030635315554389
177,6.030629144869842
178,6.030622961286557
179,6.030616764877753
180,6.030610555713853
181,6.030604333862511
182,6.030598099388639
183,6.030591852354429
184,6.030585592819374
185,6.030584767389826
186,6.030584767389826
187,6.030584767389826
188,6.030584767389826
189,6.030584767389826
190,6.030584767389826
191,6.030584767389826
192,6.030584767389826
193,6.030584767389826
194,6.030584767389826
195,6.030584767389826
196,6.030584767389826
197,6.030584767389826
198,6.030584767389826
199,6.030584767389826
200,6.030584767389826
201,6.030584767389826
202,6.030584767389826
203,6.030584767389826
204,6.030584767389826
205,6.030584767389826
206,6.030584767389826
207,6.030584767389826
208,6.030584767389826
209,6.030584767389826
210,6.030584767389826
211,6.030584767389826
212,6.030584767389826
213,6.030584767389826
214,6.030584767389826
215,6.030584767389826
216,6.030584767389826
217,6.030584767389826
218,6.030584767389826
219,6.030584767389826
220,6.030584767389826
221,6.030584767389826
222,6.030584767389826
223,6.030584767389826
224,6.030584767389826
225,6.030584767389826
226,6.030584767389826
227,6.030584767389826
228,6.030584767389826
229,6.030584767389826
230,6.030584767389826
231,6.030584767389826
232,6.030584767389826
233,6.030584767389826
234,6.030584767389826
235,6.030584767389826
236,6.030584767389826
237,6.030584767389826
238,6.030584767389826
239,6.030584767389826
240,6.030584767389826
241,6.030584767389826
242,6.030584767389826
243,6.030584767389826
244,6.030584767389826
245,6.030584767389826
246,6.030584767389826
247,6.030584767389826
248,6.030584767389826
249,6.030584767389826
250,6.030584767389826
251,6.030584767389826
252,6.030584767389826
253,6.030584767389826
254,6.030584767389826
255,6.030584767389826
256,6.030584767389826
257,6.030584767389826
258,6.030584767389826
259,6.030584767389826
260,6.030584767389826
261,6.030584767389826
262,6.030584767389826
263,6.030584767389826
264,6.030584767389826
265,6.030584767389826
266,6.030584767389826
267,6.030584767389826
268,6.030584767389826
269,6.030584767389826
270,6.030584767389826
271,6.030584767389826
272,6.030584767389826
273,6.030584767389826
274,6.030584767389826
275,6.030584767389826
276,6.030584767389826
277,6.030584767389826
278,6.030584767389826
279,6.030584767389826
280,6.030584767389826
281,6.030584767389826
282,6.030584767389826
283,6.030584767389826
284,6.030584767389826
285,6.030584767389826
286,6.030584767389826
287,6.030584767389826
288,6.030584767389826
289,6.030584767389826
290,6.030584767389826
291,6.030584767389826
292,6.030584767389826
293,6.030584767389826
294,6.030584767389826
295,6.030584767389826
296,6.030584767389826
297,6.030584767389826
298,6.030584767389826
299,6.030584767389826
0,0.7131710392033549
1,0.679983541375666
2,0.6486763890833057
3,0.6189873443097126
4,0.5898028085502841
5,0.5621402837043069
6,0.5350682748290551
7,0.5096328394392351
8,0.48422017582900406
9,0.45912284209784837
10,0.4353166757093496
11,0.41236176126445284
12,0.38920796885349085
13,0.3654346624018172
14,0.31883499798596326
15,0.27340821469776516
16,0.2620364406622526
17,0.3625856644590871
18,0.4760186262882276
19,0.46422000900391835
20,0.4442740212630317
21,0.38425457512801425
22,0.4405089680179447
23,0.4383591110683538
24,0.40239364183265175
25,0.34925873888508446
26,0.4294296247667533
27,0.42568914143397135
28,0.6100529836969385
29,0.6066561315716942
30,0.8657520625948204
31,2.5515749999367237
32,2.579423737952575
33,2.6288058254534445
34,2.678562657972666
35,2.843381300896261
36,3.0079951039279424
37,4.5680738794023386
38,3.9046223298912213
39,3.5034787263740657
40,3.2057529988344915
41,3.0647923605141636
42,1.7003356411620203
43,3.223642199688324
44,2.5825511393383325
45,2.6768514784018747
46,2.911675090071458
47,3.2533696042354885
48,2.7758170800550723
49,3.043927677761325
50,6.356057761339633
51,6.349153536693317
52,5.48786123528641
53,5.017134683612509
54,4.9851047377663775
55,4.959673355351353
56,4.893852762778799
57,4.875155402350167
58,4.866902776433515
59,4.856366488345764
60,4.83810434133267
61,4.833560329417783
62,4.8314418049244425
63,4.828342541660477
64,4.8317961640416
65,4.852454058193473
66,4.846506781206987
67,4.797754734398654
68,4.806758858249332
69,4.812450432466006
70,4.827302651051491
71,4.829667484150385
72,4.83864088514555
73,4.8523680626962875
74,4.8591309918306
75,4.847838687554906
76,4.866656026260198
77,4.874002002841746
78,4.882515140829643
79,4.893099690888705
80,4.905576344055402
81,4.921615331628619
82,4.941691066145159
83,4.969236463394331
84,5.071993606342129
85,5.14563630321403
86,5.545194673448624
87,5.554803576931427
88,5.568120851627309
89,5.5742777164359625
90,5.586834448872643
91,5.6016244421501025
92,5.620843074152039
93,5.6418173017291675
94,5.650423539518925
95,5.660291290784414
96,5.6754403685935815
97,5.705678894166112
98,5.753194668804579
99,5.8521559551535285
100,5.8673940771531745
101,5.870446971338706
102,5.874494107370964
103,5.8794655703073735
104,5.8844978519369775
105,5.889628255360031
106,5.8970880767710305
107,5.908569787324969
108,5.925205051405982
109,5.933025050625782
110,5.941615510253477
111,5.951190001718416
112,5.962076663109583
113,5.974825428146518
114,5.990499334472232
115,6.011625692718323
116,6.048610274505418
117,6.228784578625916
118,6.3139607321349045
119,6.321842965919642
120,6.331048288421175
121,6.342185087790983
122,6.356481173813328
123,6.377826235788173
124,6.451005940601718
125,6.495864639196776
126,6.750546367259431
127,6.764465376228818
128,6.788513602843801
129,6.7889959144734355
130,6.7895147066776005
131,6.790077831801144
132,6.790696402807458
133,6.7913870953183695
134,6.792177047740278
135,6.793116038756182
136,6.794315005616008
137,6.796138771217068
138,6.809981626689854
139,6.810525978570372
140,6.811133849655657
141,6.811824227148168
142,6.812626502640289
143,6.81358997646932
144,6.814807621272395
145,6.816491390660925
146,6.819346918889419
147,6.845992199641409
148,6.84616028553136
149,6.846344880326802
150,6.84654965746138
151,6.846779666545177
152,6.847042120410433
153,6.8473478401520556
154,6.847714153405193
155,6.84817145230696
156,6.8487808966123005
157,6.849698392807928
158,6.851616356415651
159,6.86373566704032
160,6.863731116972708
161,6.863726570830167
162,6.863722028619889
163,6.863717490349097
164,6.863712956025029
165,6.863708425654951
166,6.863703899246148
167,6.863699376805929
168,6.863694858341625
169,6.863690343860589
170,6.863685833370199
171,6.8636813268778525
172,6.863676824390974
173,6.86367232591701
174,6.864201896711687
175,6.864752697556871
176,6.865509110663967
177,6.8661738089749536
178,6.83520125418835
179,6.825621867850044
180,6.8240238059872125
181,6.824822856316037
182,6.823973112701557
183,6.8249241186043905
184,6.824953451270975
185,6.826058987198755
186,6.826696561625295
187,6.828135524927566
188,6.829740736971662
189,6.8312036372408675
190,6.833639579742613
191,6.847975635786897
192,6.84968684851794
193,6.8514450650107
194,6.853848947910165
195,6.857137403288404
196,6.8718513324995625
197,6.874581154599965
198,6.878616203320301
199,6.886827817084817
200,6.917556004848102
201,6.93558396466996
202,6.936371412266062
203,6.937379824231661
204,6.938477459873273
205,6.939542772645182
206,6.940928690642566
207,6.943030607019999
208,6.945622342997296
209,6.958962156811663
210,6.960258838513736
211,6.950503918917533
212,6.952647098088079
213,6.955737189186756
214,6.968610253986452
215,6.98172338685207
216,6.982140096187998
217,6.98309984366039
218,6.985127164739051
219,6.9878697771253515
220,7.000262227002441
221,7.002023399134224
222,7.004129054056543
223,7.007765766586991
224,7.033443816480497
225,7.040962833425118
226,7.045924675271896
227,7.046109885307104
228,7.0465753146484715
229,7.046843879512401
230,7.04703358914291
231,7.047478595255203
232,7.047912265541382
233,7.048647290766591
234,7.049531708354313
235,7.051470137215352
236,7.063219544376676
237,7.063344507668511
238,7.0634959251133225
239,7.063678208977109
240,7.063883083572131
241,7.0643497904831
242,7.06477686556535
243,7.065353788465427
244,7.066219757071815
245,7.067937449651302
246,7.078969723254284
247,7.078984023776099
248,7.079004987207578
249,7.079049283005334
250,7.079096678217907
251,7.079151310708343
252,7.07926630127933
253,7.079336542631064
254,7.0794150903636615
255,7.079502416011272
256,7.079599089083708
257,7.0797209950104705
258,7.079840149092969
259,7.079971375656848
260,7.080115995521433
261,7.080275671779388
262,7.0804532486032565
263,7.080734850479916
264,7.080971616897769
265,7.08127688147477
266,7.081588289895973
267,7.081952552229755
268,7.082391428275152
269,7.082945084063225
270,7.084137808585997
271,7.085949047832328
272,7.096884300731234
273,7.096939994777819
274,7.096999049972363
275,7.097077615127889
276,7.097142642651376
277,7.097211185805626
278,7.097283315183482
279,7.097369244445825
280,7.097449300039479
281,7.097533217428562
282,7.097621103689582
283,7.09771307678188
284,7.09780926659634
285,7.097909816160478
286,7.064708149310978
287,7.098234790949497
288,7.098348433902214
289,7.098467191352694
290,7.09859129745286
291,7.061569420365456
292,7.069268732486767
293,7.098769862586421
294,7.098913124836956
295,7.099062938536103
296,7.099213982827434
297,7.099376343373961
298,7.099546516337916
299,7.099725077485309
0,0.7131710392033549
1,0.4278576543793507
2,0.2925193334767039
3,0.32278714332000324
4,0.6608416414015371
5,4.414206556366632
6,4.481995573505719
7,4.967243419916065
8,5.451680501414664
9,5.003513807260247
10,5.017009665831966
11,5.009957905194139
12,4.986085459189202
13,4.96516974944181
14,4.940420233052176
15,4.97082821313922
16,4.961964597244857
17,4.9226999797691
18,5.0224138314836235
19,5.020456722358358
20,5.019990366180957
21,7.1270529069063215
22,7.1270529069063215
23,7.1270529069063215
24,7.1270529069063215
25,7.1270529069063215
26,7.1270529069063215
27,7.1270529069063215
28,7.1270529069063215
29,7.1270529069063215
30,7.1270529069063215
31,7.1270529069063215
32,7.1270529069063215
33,7.1270529069063215
34,7.1270529069063215
35,7.1270529069063215
36,7.1270529069063215
37,7.1270529069063215
38,7.1270529069063215
39,7.1270529069063215
40,7.1270529069063215
41,7.1270529069063215
42,7.1270529069063215
43,7.1270529069063215
44,7.1270529069063215
45,7.1270529069063215
46,7.1270529069063215
47,7.1270529069063215
48,7.1270529069063215
49,7.1270529069063215
50,7.1270529069063215
51,7.1270529069063215
52,7.1270529069063215
53,7.1270529069063215
54,7.1270529069063215
55,7.1270529069063215
56,7.1270529069063215
57,7.1270529069063215
58,7.1270529069063215
59,7.1270529069063215
60,7.1270529069063215
61,7.1270529069063215
62,7.1270529069063215
63,7.1270529069063215
64,7.1270529069063215
65,7.1270529069063215
66,7.1270529069063215
67,7.1270529069063215
68,7.1270529069063215
69,7.1270529069063215
70,7.1270529069063215
71,7.1270529069063215
72,7.1270529069063215
73,7.1270529069063215
74,7.1270529069063215
75,7.1270529069063215
76,7.1270529069063215
77,7.1270529069063215
78,7.1270529069063215
79,7.1270529069063215
80,7.1270529069063215
81,7.1270529069063215
82,7.1270529069063215
83,7.1270529069063215
84,7.1270529069063215
85,7.1270529069063215
86,7.1270529069063215
87,7.1270529069063215
88,7.1270529069063215
89,7.1270529069063215
90,7.1270529069063215
91,7.1270529069063215
92,7.1270529069063215
93,7.1270529069063215
94,7.1270529069063215
95,7.1270529069063215
96,7.1270529069063215
97,7.1270529069063215
98,7.1270529069063215
99,7.1270529069063215
100,7.1270529069063215
101,7.1270529069063215
102,7.1270529069063215
103,7.1270529069063215
104,7.1270529069063215
105,7.1270529069063215
106,7.1270529069063215
107,7.1270529069063215
108,7.1270529069063215
109,7.1270529069063215
110,7.1270529069063215
111,7.1270529069063215
112,7.1270529069063215
113,7.1270529069063215
114,7.1270529069063215
115,7.1270529069063215
116,7.1270529069063215
117,7.1270529069063215
118,7.1270529069063215
119,7.1270529069063215
120,7.1270529069063215
121,7.1270529069063215
122,7.1270529069063215
123,7.1270529069063215
124,7.1270529069063215
125,7.1270529069063215
126,7.1270529069063215
127,7.1270529069063215
128,7.1270529069063215
129,7.1270529069063215
130,7.1270529069063215
131,7.1270529069063215
132,7.1270529069063215
133,7.1270529069063215
134,7.1270529069063215
135,7.1270529069063215
136,7.1270529069063215
137,7.1270529069063215
138,7.1270529069063215
139,7.1270529069063215
140,7.1270529069063215
141,7.1270529069063215
142,7.1270529069063215
143,7.1270529069063215
144,7.1270529069063215
145,7.1270529069063215
146,7.1270529069063215
147,7.1270529069063215
148,7.1270529069063215
149,7.079756467958621
150,6.680461535645813
151,7.42225586754566
152,7.42225586754566
153,7.42225586754566
154,7.42225586754566
155,7.42225586754566
156,7.42225586754566
157,7.42225586754566
158,7.42225586754566
159,7.42225586754566
160,7.42225586754566
161,7.42225586754566
162,7.42225586754566
163,7.42225586754566
164,7.42225586754566
165,7.42225586754566
166,7.42225586754566
167,7.42225586754566
168,7.42225586754566
169,7.42225586754566
170,7.42225586754566
171,7.42225586754566
172,7.42225586754566
173,7.42225586754566
174,7.42225586754566
175,7.42225586754566
176,7.42225586754566
177,7.42225586754566
178,7.42225586754566
179,7.42225586754566
180,7.42225586754566
181,7.42225586754566
182,7.42225586754566
183,7.42225586754566
184,7.42225586754566
185,7.42225586754566
186,7.42225586754566
187,7.42225586754566
188,7.42225586754566
189,7.42225586754566
190,7.42225586754566
191,7.42225586754566
192,7.42225586754566
193,7.42225586754566
194,7.42225586754566
195,7.42225586754566
196,7.42225586754566
197,7.42225586754566
198,7.42225586754566
199,7.42225586754566
200,7.42225586754566
201,7.42225586754566
202,7.42225586754566
203,7.42225586754566
204,7.42225586754566
205,7.42225586754566
206,7.42225586754566
207,7.42225586754566
208,7.42225586754566
209,7.42225586754566
210,7.42225586754566
211,7.42225586754566
212,7.42225586754566
213,7.42225586754566
214,7.42225586754566
215,7.42225586754566
216,7.42225586754566
217,7.42225586754566
218,7.42225586754566
219,7.42225586754566
220,7.42225586754566
221,7.42225586754566
222,7.42225586754566
223,7.42225586754566
224,7.42225586754566
225,7.42225586754566
226,7.42225586754566
227,7.42225586754566
228,7.42225586754566
229,7.42225586754566
230,7.42225586754566
231,7.42225586754566
232,7.42225586754566
233,7.42225586754566
234,7.42225586754566
235,7.42225586754566
236,7.42225586754566
237,7.42225586754566
238,7.42225586754566
239,7.42225586754566
240,7.42225586754566
241,7.42225586754566
242,7.42225586754566
243,7.42225586754566
244,7.42225586754566
245,7.42225586754566
246,7.42225586754566
247,7.42225586754566
248,7.42225586754566
249,7.42225586754566
250,7.42225586754566
251,7.42225586754566
252,7.42225586754566
253,7.42225586754566
254,7.42225586754566
255,7.42225586754566
256,7.42225586754566
257,7.42225586754566
258,7.42225586754566
259,7.42225586754566
260,7.42225586754566
261,7.42225586754566
262,7.42225586754566
263,7.42225586754566
264,7.42225586754566
265,7.42225586754566
266,7.42225586754566
267,7.42225586754566
268,7.42225586754566
269,7.42225586754566
270,7.42225586754566
271,7.42225586754566
272,7.42225586754566
273,7.42225586754566
274,7.42225586754566
275,7.42225586754566
276,7.42225586754566
277,7.42225586754566
278,7.42225586754566
279,7.42225586754566
280,7.42225586754566
281,7.42225586754566
282,7.42225586754566
283,7.42225586754566
284,7.42225586754566
285,7.42225586754566
286,7.42225586754566
287,7.42225586754566
288,7.42225586754566
289,7.42225586754566
290,7.42225586754566
291,7.42225586754566
292,7.42225586754566
293,7.42225586754566
294,7.42225586754566
295,7.42225586754566
296,7.42225586754566
297,7.42225586754566
298,7.42225586754566
299,7.42225586754566
0,0.7004703774901805
1,0.7420350341494512
2,0.791193149655887
3,0.8506455140758431
4,0.924756272696446
5,1.0212239331319
6,1.1554973181992663
7,1.3658863963943717
8,1.8002292527829544
9,6.719389598666599
10,9.704876499063271
11,9.701906174589153
12,9.699042618968246
13,9.696274239084877
14,9.693589535390764
15,9.690976602235716
16,9.688422418223748
17,9.685911722618517
18,9.683425036511801
19,9.653989907831644
20,9.631708952457638
21,9.624990834438451
22,9.619260414108837
23,2.1778208816172255
24,9.032353604764936
25,1.0548460067984857
26,1.2052003139697491
27,1.4536504496976563
28,2.064626567601005
29,8.981709365922066
30,0.5630490001612357
31,0.5861634848585
32,0.6120160990196298
33,0.6411736556090465
34,0.67438948951128
35,0.7126937988044935
36,0.7575458615373919
37,0.8111075765068734
38,0.8767808314359796
39,0.9604333361098868
40,1.0755644794049892
41,1.2609756025346697
42,1.530298282451719
43,2.281621442113055
44,9.53395478947274
45,1.9510420934771795
46,8.826887521978408
47,0.19933595158747477
48,0.1981104390458648
49,0.19702695159375286
50,0.19605219670496377
51,0.195164066618804
52,0.1943470133240665
53,0.1936084447334252
54,0.19290100657386436
55,0.19225474591088265
56,0.19162954322104125
57,0.1910388330906916
58,0.1905023353934597
59,0.18999244199945875
60,0.18948526133995208
61,0.18900109479623803
62,0.1885574678667494
63,0.18813228610680557
64,0.18770545619458773
65,0.1872952963644323
66,0.18691780457096552
67,0.18647382661940487
68,0.18604292003708994
69,0.18569430329177355
70,0.18528364684338552
71,0.18488431244821593
72,0.1844600601694557
73,0.18414250304700353
74,0.18383518970320537
75,0.1834351609723701
76,0.18314260553236136
77,0.182759051947583
78,0.18247942586491622
79,0.18220833312643797
80,0.1818475725028326
81,0.18158736417585633
82,0.1812407748178547
83,0.1809924658050934
84,0.18065386782901585
85,0.18032305695908593
86,0.17999945413245425
87,0.17976645954650286
88,0.17945783654115335
89,0.17914675965929763
90,0.17884201591478968
91,0.17855290699999285
92,0.178167893930583
93,0.17795765728108512
94,0.17766907769579546
95,0.1774015924404493
96,0.17704379666883105
97,0.17679054740736042
98,0.17651593028357815
99,0.17627451987466294
100,0.17593866569639188
101,0.17575471095175627
102,0.1754937572276381
103,0.1752677081722092
104,0.1749532131009755
105,0.1747370961065636
106,0.17448787805842503
107,0.17418853429243203
108,0.17398295458601273
109,0.173743037371354
110,0.17354521442926488
111,0.17326205474127485
112,0.1731051036298408
113,0.1728759994166878
114,0.17268911762375203
115,0.17242183903645164
116,0.1722419455559972
117,0.1720221936609012
118,0.17187698930589046
119,0.17162409616038826
120,0.17143640609501798
121,0.17122608453426313
122,0.17106184862840243
123,0.17079565909011746
124,0.17061890567074256
125,0.17041670417266552
126,0.17016247470734558
127,0.1700083815981347
128,0.16981216310866157
129,0.16966294122759346
130,0.1694201236566021
131,0.16926021508226674
132,0.1690713906293116
133,0.16895013766763456
134,0.16876536761311722
135,0.1686123034340914
136,0.168384473628945
137,0.16825072167242255
138,0.16807236165630252
139,0.16794146198308832
140,0.1677232883755933
141,0.16755029442017363
142,0.16742307433441558
143,0.16721234820142128
144,0.16708825555402562
145,0.16678469074203536
146,0.16651925114283414
147,0.1663985381875426
148,0.16611235889971915
149,0.1660102307046584
150,0.1657320583668675
151,0.16546042644088313
152,0.16525892924160396
153,0.16516187900836934
154,0.1648998142351114
155,0.16470321461495896
156,0.16445139216295018
157,0.16420481562601094
158,0.16392834160870734
159,0.16374436187447364
160,0.16351314463252378
161,0.16333586632380556
162,0.16310428614527236
163,0.16301628370782267
164,0.16287103754250726
165,0.16265429644278318
166,0.16243516019974624
167,0.16234006781603222
168,0.1621982337477726
169,0.16199242182361343
170,0.1618326367210034
171,0.16162496393382325
172,0.16149689907675038
173,0.16139393752026515
174,0.1612019748972386
175,0.1610066547244882
176,0.16082706654242887
177,0.1607500822870008
178,0.16055994387938297
179,0.1603576525473692
180,0.1601784746970987
181,0.1599804984591944
182,0.15982250640629875
183,0.15963350087052103
184,0.1594172929877044
185,0.15924706125586624
186,0.1590895312392662
187,0.1589054883029036
188,0.15877766402775223
189,0.15859480741272294
190,0.15841567473360052
191,0.15829087486150156
192,0.15811658397797984
193,0.15797635081679637
194,0.15782952500537814
195,0.15766182148723398
196,0.15751638247602032
197,0.15735230571657077
198,0.1572346865116039
199,0.15706658453412953
200,0.15690717150624242
201,0.15674609134724718
202,0.1566158564872669
203,0.1564850889957994
204,0.15633096017732254
205,0.15618745465231904
206,0.1560375565590909
207,0.1559270805703907
208,0.15575489351580385
209,0.1556045487989312
210,0.15544895295726827
211,0.15530468866525923
212,0.1551707879809844
213,0.15503026683895982
214,0.15487960671320677
215,0.15474165167468001
216,0.1546366887144179
217,0.15452156707760936
218,0.1543949819075949
219,0.15427274486812717
220,0.15413970962081788
221,0.15403877276904013
222,0.15389540582342698
223,0.15376575699769365
224,0.1536326254905878
225,0.1535069897557129
226,0.1533948942711644
227,0.15327201105394928
228,0.15316536057906735
229,0.15303739577363176
230,0.15296830934759473
231,0.15284873275013533
232,0.15274345698061031
233,0.15267599266615736
234,0.15255899361844066
235,0.1524931805512529
236,0.15237087345404116
237,0.15225669364060548
238,0.15219264486129472
239,0.1520933974890853
240,0.1519815301015598
241,0.15191939061795778
242,0.1518011920358555
243,0.15169206530500476
244,0.1516359998706062
245,0.15154060382415016
246,0.15148548638286938
247,0.15137960861378272
248,0.15128610562986025
249,0.15123198807885363
250,0.15112812790382274
251,0.1510161143088001
252,0.15095864771447118
253,0.15085290597461998
254,0.15080047468706534
255,0.15069992596485282
256,0.15061052634221012
257,0.15051820955649267
258,0.15046685237483193
259,0.1503647410769674
260,0.15027733898567894
261,0.15022684479376477
262,0.15013025582465697
263,0.15004442539114532
264,0.14999479417068548
265,0.1498965338522249
266,0.14979292600971084
267,0.1497442624849994
268,0.14965687044406112
269,0.14956074301502548
270,0.1494779717593302
271,0.1494302369759807
272,0.14933936507270243
273,0.14929226704129467
274,0.14921043014913277
275,0.14911739643123406
276,0.14903369063038988
277,0.14898773878030197
278,0.1489079574144503
279,0.14884545019430723
280,0.14874881241440174
281,0.14870340639153334
282,0.14863887667596407
283,0.14852825410168413
284,0.1484841532440077
285,0.1484069074963946
286,0.14836290096371205
287,0.14827638909501809
288,0.14820041793308736
289,0.14815719455796864
290,0.14807936603363048
291,0.14802130858581056
292,0.14793015244692018
293,0.14788811963287482
294,0.14782748673978624
295,0.14772375944668714
296,0.1476315995012893
297,0.14755901129211413
298,0.14751878014926806
299,0.14745957411000812
0,0.704578154720395
1,0.7516673154436605
2,0.8078830235186686
3,0.8767423846737754
4,0.9641565895626744
5,1.0811621811685932
6,1.2519859682784562
7,1.5477233219912438
8,2.4451283969747464
9,9.908374792592747
10,6.948824741902688
11,10.045563711377582
12,9.971086086781872
13,9.934327125742353
14,9.907315971688698
15,3.7063231821390885
16,9.952599261682805
17,9.921590562765395
18,9.895986504474008
19,1.0706961455637796
20,1.2358864319375407
21,1.5165289898936345
22,2.291439973231324
23,9.902344055970431
24,1.9178777899610713
25,7.497205765901958
26,0.6344277640323601
27,0.6346144489137917
28,0.6348079315462959
29,0.6350085829414958
30,0.635216809123097
31,0.6354330559762235
32,0.6356578149687386
33,0.6358916299400973
34,0.6361351052064832
35,0.6363889153014068
36,0.6366538167651081
37,0.636930662523442
38,0.6372204195711568
39,0.6375241909159932
40,0.6378432430795399
41,0.6381790409354398
42,0.6385332923690835
43,0.638908006283279
44,0.6393055690445703
45,0.639728846889166
46,0.6401813256469516
47,0.6406673053998139
48,0.6411921782276148
49,0.6417628356140367
50,0.6423882857082641
51,0.6430806252292687
52,0.6438566426665653
53,0.644740619370322
54,0.6457695944945245
55,0.6470042612760609
56,0.6485547437365147
57,0.6506551724546136
58,0.6539704849896968
59,0.6629434292070964
60,0.6965534341972524
61,0.6966577991473726
62,0.6967647890462284
63,0.6968744630285298
64,0.6969868821901164
65,0.697102109694251
66,0.6972202108844611
67,0.6973412534044211
68,0.6974653073254157
69,0.6975924452819713
70,0.6977227426163026
71,0.69785627753228
72,0.6979931312596873
73,0.6981333882296266
74,0.6982771362619952
75,0.6984244667660656
76,0.6985754749552985
77,0.6987302600776307
78,0.6988889256626196
79,0.6990515797869615
80,0.6992183353600687
81,0.6993893104315748
82,0.6995646285228402
83,0.6997444189847641
84,0.6999288173844768
85,0.7001179659237728
86,0.7003120138924988
87,0.7005111181604758
88,0.7007154437119935
89,0.7009251642273917
90,0.7011404627168353
91,0.7013615322120313
92,0.7015885765223937
93,0.7018218110630337
94,0.702061463762949
95,0.7023077760629546
96,0.7025610040142426
97,0.7028214194900342
98,0.7030893115246235
99,0.7033649877962694
100,0.70364877627292
101,0.7039410270427499
102,0.7042421143550246
103,0.7045524389010156
104,0.704872430369705
105,0.7052025503190296
106,0.7055432954106433
107,0.7058952010649051
108,0.7062588456033975
109,0.7066348549592008
110,0.707023908050985
111,0.7074267429364917
112,0.7078441638851534
113,0.7082770495397398
114,0.7087263623747118
115,0.7091931597066962
116,0.709678606573182
117,0.7101839908732905
118,0.710710741264872
119,0.7112604484429568
120,0.711834890596446
121,0.7124360640680255
122,0.713066220548181
123,0.713727912549091
124,0.7144240494738066
125,0.7151579673886179
126,0.715933516724985
127,0.716755173740971
128,0.7176281839110698
129,0.7185587488902279
130,0.7195542739762102
131,0.7206237011973314
132,0.7217779662395127
133,0.723030638933997
134,0.7243988435873137
135,0.7259046200466293
136,0.7275770058625518
137,0.729455352923645
138,0.7315948764613539
139,0.7340765240994932
140,0.737025958337672
141,0.7406540899001463
142,0.745357406574523
143,0.7520302922095903
144,0.7635576032587594
145,0.8645329562072804
146,0.8645329562072804
147,0.8645329562072804
148,0.8645329562072804
149,0.8645329562072804
150,0.8645329562072804
151,0.8645329562072804
152,0.8645329562072804
153,0.8645329562072804
154,0.8645329562072804
155,0.8645329562072804
156,0.8645329562072804
157,0.8645329562072804
158,0.8645329562072804
159,0.8645329562072804
160,0.8645329562072804
161,0.8645329562072804
162,0.8645329562072804
163,0.8645329562072804
164,0.8645329562072804
165,0.8645329562072804
166,0.8645329562072804
167,0.8645329562072804
168,0.8645329562072804
169,0.8645329562072804
170,0.8645329562072804
171,0.8645329562072804
172,0.8645329562072804
173,0.8645329562072804
174,0.8645329562072804
175,0.8645329562072804
176,0.8645329562072804
177,0.8645329562072804
178,0.8645329562072804
179,0.8645329562072804
180,0.8645329562072804
181,0.8645329562072804
182,0.8645329562072804
183,0.8645329562072804
184,0.8645329562072804
185,0.8645329562072804
186,0.8645329562072804
187,0.8645329562072804
188,0.8645329562072804
189,0.8645329562072804
190,0.8645329562072804
191,0.8645329562072804
192,0.8645329562072804
193,0.8645329562072804
194,0.8645329562072804
195,0.8645329562072804
196,0.8645329562072804
197,0.8645329562072804
198,0.8645329562072804
199,0.8645329562072804
200,0.8645329562072804
201,0.8645329562072804
202,0.8645329562072804
203,0.8645329562072804
204,0.8645329562072804
205,0.8645329562072804
206,0.8645329562072804
207,0.8645329562072804
208,0.8645329562072804
209,0.8645329562072804
210,0.8645329562072804
211,0.8645329562072804
212,0.8645329562072804
213,0.8645329562072804
214,0.8645329562072804
215,0.8645329562072804
216,0.8645329562072804
217,0.8645329562072804
218,0.8645329562072804
219,0.8645329562072804
220,0.8645329562072804
221,0.8645329562072804
222,0.8645329562072804
223,0.8645329562072804
224,0.8645329562072804
225,0.8645329562072804
226,0.8645329562072804
227,0.8645329562072804
228,0.8645329562072804
229,0.8645329562072804
230,0.8645329562072804
231,0.8645329562072804
232,0.8645329562072804
233,0.8645329562072804
234,0.8645329562072804
235,0.8645329562072804
236,0.8645329562072804
237,0.8645329562072804
238,0.8645329562072804
239,0.8645329562072804
240,0.8645329562072804
241,0.8645329562072804
242,0.8645329562072804
243,0.8645329562072804
244,0.8645329562072804
245,0.8645329562072804
246,0.8645329562072804
247,0.8645329562072804
248,0.8645329562072804
249,0.8645329562072804
250,0.8645329562072804
251,0.8645329562072804
252,0.8645329562072804
253,0.8645329562072804
254,0.8645329562072804
255,0.8645329562072804
256,0.8645329562072804
257,0.8645329562072804
258,0.8645329562072804
259,0.8645329562072804
260,0.8645329562072804
261,0.8645329562072804
262,0.8645329562072804
263,0.8645329562072804
264,0.8645329562072804
265,0.8645329562072804
266,0.8645329562072804
267,0.8645329562072804
268,0.8645329562072804
269,0.8645329562072804
270,0.8645329562072804
271,0.8645329562072804
272,0.8645329562072804
273,0.8645329562072804
274,0.8645329562072804
275,0.8645329562072804
276,0.8645329562072804
277,0.8645329562072804
278,0.8645329562072804
279,0.8645329562072804
280,0.8645329562072804
281,0.8645329562072804
282,0.8645329562072804
283,0.8645329562072804
284,0.8645329562072804
285,0.8645329562072804
286,0.8645329562072804
287,0.8645329562072804
288,0.8645329562072804
289,0.8645329562072804
290,0.8645329562072804
291,0.8645329562072804
292,0.8645329562072804
293,0.8645329562072804
294,0.8645329562072804
295,0.8645329562072804
296,0.8645329562072804
297,0.8645329562072804
298,0.8645329562072804
299,0.8645329562072804
0,0.7764254949561099
1,0.8795439295356963
2,1.0340622657536975
3,1.316508514091425
4,2.842647595239047
5,6.415435995999284
6,0.9592724324922721
7,1.1696429606606962
8,1.6775206502001958
9,6.267480241577652
10,10.43834561042696
11,10.435965328686994
12,10.433804444186105
13,10.43181588320265
14,10.42996043930413
15,10.428201414615508
16,7.707866451447917
17,7.239636110868701
18,6.458754847998999
19,1.3941897879285543
20,5.97783440297741
21,6.615180252990641
22,6.2389330508487095
23,7.847729014026989
24,7.275056105133691
25,6.508609177023921
26,2.1938883479072464
27,6.357127760377245
28,0.32674533293145386
29,0.3365893059452983
30,0.347637762830109
31,0.3606532140819533
32,0.3878010601171311
33,0.40196215498731586
34,0.4183348841772299
35,0.44073228672767595
36,0.4836359609161814
37,0.504595932332437
38,0.5287835878821078
39,0.5571426541249602
40,0.5912441541892648
41,0.6346350527464734
42,0.743090325304707
43,0.8090084904322589
44,1.0126495287462007
45,1.1025513115094931
46,1.2409955401885342
47,1.5290102989380068
48,4.752527500119315
49,9.889309181457179
50,9.889309181457179
51,9.889309181457179
52,9.889309181457179
53,9.889309181457179
54,9.889309181457179
55,9.889309181457179
56,9.889309181457179
57,9.889309181457179
58,9.889309181457179
59,9.889309181457179
60,9.889309181457179
61,9.889309181457179
62,9.889309181457179
63,9.889309181457179
64,9.889309181457179
65,9.889309181457179
66,9.889309181457179
67,9.889309181457179
68,9.889309181457179
69,9.889309181457179
70,9.889309181457179
71,9.889309181457179
72,9.889309181457179
73,9.889309181457179
74,9.889309181457179
75,9.889309181457179
76,9.889309181457179
77,9.889309181457179
78,9.889309181457179
79,9.889309181457179
80,9.889309181457179
81,9.889309181457179
82,9.889309181457179
83,9.889309181457179
84,9.889309181457179
85,9.889309181457179
86,9.889309181457179
87,9.889309181457179
88,9.889309181457179
89,9.889309181457179
90,9.889309181457179
91,9.889309181457179
92,9.889309181457179
93,9.889309181457179
94,9.889309181457179
95,9.889309181457179
96,9.889309181457179
97,9.889309181457179
98,9.889309181457179
99,9.889309181457179
100,9.889309181457179
101,9.889309181457179
102,9.889309181457179
103,9.889309181457179
104,9.889309181457179
105,9.889309181457179
106,9.889309181457179
107,9.889309181457179
108,9.889309181457179
109,9.889309181457179
110,9.889309181457179
111,9.889309181457179
112,9.889309181457179
113,9.889309181457179
114,9.889309181457179
115,9.889309181457179
116,9.889309181457179
117,9.889309181457179
118,9.889309181457179
119,9.889309181457179
120,9.889309181457179
121,9.889309181457179
122,9.889309181457179
123,9.889309181457179
124,9.889309181457179
125,9.889309181457179
126,9.889309181457179
127,9.889309181457179
128,9.889309181457179
129,9.889309181457179
130,9.889309181457179
131,9.889309181457179
132,9.889309181457179
133,9.889309181457179
134,9.889309181457179
135,9.889309181457179
136,9.889309181457179
137,9.889309181457179
138,9.889309181457179
139,9.889309181457179
140,9.889309181457179
141,9.889309181457179
142,9.889309181457179
143,9.889309181457179
144,9.889309181457179
145,9.889309181457179
146,9.889309181457179
147,9.889309181457179
148,9.889309181457179
149,9.889309181457179
150,9.889309181457179
151,9.889309181457179
152,9.889309181457179
153,9.889309181457179
154,9.889309181457179
155,9.889309181457179
156,9.889309181457179
157,9.889309181457179
158,9.889309181457179
159,9.889309181457179
160,9.889309181457179
161,9.889309181457179
162,9.889309181457179
163,9.889309181457179
164,9.889309181457179
165,9.889309181457179
166,9.889309181457179
167,9.889309181457179
168,9.889309181457179
169,9.889309181457179
170,9.889309181457179
171,9.889309181457179
172,9.889309181457179
173,9.889309181457179
174,9.889309181457179
175,9.889309181457179
176,9.889309181457179
177,9.889309181457179
178,9.889309181457179
179,9.889309181457179
180,9.889309181457179
181,9.889309181457179
182,9.889309181457179
183,9.889309181457179
184,9.889309181457179
185,9.889309181457179
186,9.889309181457179
187,9.889309181457179
188,9.889309181457179
189,9.889309181457179
190,9.889309181457179
191,9.889309181457179
192,9.889309181457179
193,9.889309181457179
194,9.889309181457179
195,9.889309181457179
196,9.889309181457179
197,9.889309181457179
198,9.889309181457179
199,9.889309181457179
200,9.889309181457179
201,9.889309181457179
202,9.889309181457179
203,9.889309181457179
204,9.889309181457179
205,9.889309181457179
206,9.889309181457179
207,9.889309181457179
208,9.889309181457179
209,9.889309181457179
210,9.889309181457179
211,9.889309181457179
212,9.889309181457179
213,9.889309181457179
214,9.889309181457179
215,9.889309181457179
216,9.889309181457179
217,9.889309181457179
218,9.889309181457179
219,9.889309181457179
220,9.889309181457179
221,9.889309181457179
222,9.889309181457179
223,9.889309181457179
224,9.889309181457179
225,9.889309181457179
226,9.889309181457179
227,9.889309181457179
228,9.889309181457179
229,9.889309181457179
230,9.889309181457179
231,9.889309181457179
232,9.889309181457179
233,9.889309181457179
234,9.889309181457179
235,9.889309181457179
236,9.889309181457179
237,9.889309181457179
238,9.889309181457179
239,9.889309181457179
240,9.889309181457179
241,9.889309181457179
242,9.889309181457179
243,9.889309181457179
244,9.889309181457179
245,9.889309181457179
246,9.889309181457179
247,9.889309181457179
248,9.889309181457179
249,9.889309181457179
250,9.889309181457179
251,9.889309181457179
252,9.889309181457179
253,9.889309181457179
254,9.889309181457179
255,9.889309181457179
256,9.889309181457179
257,9.889309181457179
258,9.889309181457179
259,9.889309181457179
260,9.889309181457179
261,9.889309181457179
262,9.889309181457179
263,9.889309181457179
264,9.889309181457179
265,9.889309181457179
266,9.889309181457179
267,9.889309181457179
268,9.889309181457179
269,9.889309181457179
270,9.889309181457179
271,9.889309181457179
272,9.889309181457179
273,9.889309181457179
274,9.889309181457179
275,9.889309181457179
276,9.889309181457179
277,9.889309181457179
278,9.889309181457179
279,9.889309181457179
280,9.889309181457179
281,9.889309181457179
282,9.889309181457179
283,9.889309181457179
284,9.889309181457179
285,9.889309181457179
286,9.889309181457179
287,9.889309181457179
288,9.889309181457179
289,9.889309181457179
290,9.889309181457179
291,9.889309181457179
292,9.889309181457179
293,9.889309181457179
294,9.889309181457179
295,9.889309181457179
296,9.889309181457179
297,9.889309181457179
298,9.889309181457179
299,9.889309181457179
0,0.7176599676238992
1,0.77005199257213
2,0.8346797981813893
3,0.9174239856517893
4,1.029442053342725
5,1.195924321458233
6,1.4957361979473358
7,2.829810798002348
8,9.183005706758879
9,2.5422938661899894
10,9.163384350938918
11,1.6209900973259908
12,6.269430371212612
13,9.484737618463305
14,9.465632289852374
15,6.802399467990767
16,0.5682804333262895
17,0.5697196213303706
18,0.571263928690043
19,0.572924455768801
20,0.5747141407764015
21,0.5766481931443754
22,0.5787446625583266
23,0.5810251980219608
24,0.5835160785880811
25,0.5862496414842117
26,0.5892663069625523
27,0.5926175265791981
28,0.5963702114350076
29,0.6006136323641312
30,0.6054706584662137
31,0.6111170842625668
32,0.6178172247699633
33,0.6259956013393146
34,0.6364000845408088
35,0.6505462092178663
36,0.6723487966934876
37,0.7199913943694181
38,0.9701019022256858
39,0.9701795782552072
40,0.9702594094228145
41,0.9703414957012887
42,0.9704259447348709
43,0.970512872632236
44,0.9706024048646199
45,0.970694677286318
46,0.9707898372981583
47,0.9708880451787032
48,0.9709894756130909
49,0.9710943194558341
50,0.9712027857719188
51,0.9713151042106819
52,0.9714315277797924
53,0.9715523361031164
54,0.9716778392674434
55,0.9718083823906293
56,0.9719443510798715
57,0.9720861779967467
58,0.972234350809746
59,0.9723894219018063
60,0.9725520203191589
61,0.9727228666126744
62,0.9729027914548958
63,0.973092759247501
64,0.9732938984158598
65,0.9735075408009505
66,0.9737352736375837
67,0.9739790092761783
68,0.9742410804525743
69,0.9745243732343712
70,0.9748325170712637
71,0.9751701641721215
72,0.9755434138675427
73,0.9759604828154145
74,0.9764328146252717
75,0.9769770275415545
76,0.977618597174026
77,0.9783995396461357
78,0.9793967978716246
79,0.9807764216689625
80,0.9830246776046032
81,0.989968880038192
82,1.0121344365266123
83,1.0121344365266123
84,1.0121344365266123
85,1.0121344365266123
86,1.0121344365266123
87,1.0121344365266123
88,1.0121344365266123
89,1.0121344365266123
90,1.0121344365266123
91,1.0121344365266123
92,1.0121344365266123
93,1.0121344365266123
94,1.0121344365266123
95,1.0121344365266123
96,1.0121344365266123
97,1.0121344365266123
98,1.0121344365266123
99,1.0121344365266123
100,1.0121344365266123
101,1.0121344365266123
102,1.0121344365266123
103,1.0121344365266123
104,1.0121344365266123
105,1.0121344365266123
106,1.0121344365266123
107,1.0121344365266123
108,1.0121344365266123
109,1.0121344365266123
110,1.0121344365266123
111,1.0121344365266123
112,1.0121344365266123
113,1.0121344365266123
114,1.0121344365266123
115,1.0121344365266123
116,1.0121344365266123
117,1.0121344365266123
118,1.0121344365266123
119,1.0121344365266123
120,1.0121344365266123
121,1.0121344365266123
122,1.0121344365266123
123,1.0121344365266123
124,1.0121344365266123
125,1.0121344365266123
126,1.0121344365266123
127,1.0121344365266123
128,1.0121344365266123
129,1.0121344365266123
130,1.0121344365266123
131,1.0121344365266123
132,1.0121344365266123
133,1.0121344365266123
134,1.0121344365266123
135,1.0121344365266123
136,1.0121344365266123
137,1.0121344365266123
138,1.0121344365266123
139,1.0121344365266123
140,1.0121344365266123
141,1.0121344365266123
142,1.0121344365266123
143,1.0121344365266123
144,1.0121344365266123
145,1.0121344365266123
146,1.0121344365266123
147,1.0121344365266123
148,1.0121344365266123
149,1.0121344365266123
150,1.0121344365266123
151,1.0121344365266123
152,1.0121344365266123
153,1.0121344365266123
154,1.0121344365266123
155,1.0121344365266123
156,1.0121344365266123
157,1.0121344365266123
158,1.0121344365266123
159,1.0121344365266123
160,1.0121344365266123
161,1.0121344365266123
162,1.0121344365266123
163,1.0121344365266123
164,1.0121344365266123
165,1.0121344365266123
166,1.0121344365266123
167,1.0121344365266123
168,1.0121344365266123
169,1.0121344365266123
170,1.0121344365266123
171,1.0121344365266123
172,1.0121344365266123
173,1.0121344365266123
174,1.0121344365266123
175,1.0121344365266123
176,1.0121344365266123
177,1.0121344365266123
178,1.0121344365266123
179,1.0121344365266123
180,1.0121344365266123
181,1.0121344365266123
182,1.0121344365266123
183,1.0121344365266123
184,1.0121344365266123
185,1.0121344365266123
186,1.0121344365266123
187,1.0121344365266123
188,1.0121344365266123
189,1.0121344365266123
190,1.0121344365266123
191,1.0121344365266123
192,1.0121344365266123
193,1.0121344365266123
194,1.0121344365266123
195,1.0121344365266123
196,1.0121344365266123
197,1.0121344365266123
198,1.0121344365266123
199,1.0121344365266123
200,1.0121344365266123
201,1.0121344365266123
202,1.0121344365266123
203,1.0121344365266123
204,1.0121344365266123
205,1.0121344365266123
206,1.0121344365266123
207,1.0121344365266123
208,1.0121344365266123
209,1.0121344365266123
210,1.0121344365266123
211,1.0121344365266123
212,1.0121344365266123
213,1.0121344365266123
214,1.0121344365266123
215,1.0121344365266123
216,1.0121344365266123
217,1.0121344365266123
218,1.0121344365266123
219,1.0121344365266123
220,1.0121344365266123
221,1.0121344365266123
222,1.0121344365266123
223,1.0121344365266123
224,1.0121344365266123
225,1.0121344365266123
226,1.0121344365266123
227,1.0121344365266123
228,1.0121344365266123
229,1.0121344365266123
230,1.0121344365266123
231,1.0121344365266123
232,1.0121344365266123
233,1.0121344365266123
234,1.0121344365266123
235,1.0121344365266123
236,1.0121344365266123
237,1.0121344365266123
238,1.0121344365266123
239,1.0121344365266123
240,1.0121344365266123
241,1.0121344365266123
242,1.0121344365266123
243,1.0121344365266123
244,1.0121344365266123
245,1.0121344365266123
246,1.0121344365266123
247,1.0121344365266123
248,1.0121344365266123
249,1.0121344365266123
250,1.0121344365266123
251,1.0121344365266123
252,1.0121344365266123
253,1.0121344365266123
254,1.0121344365266123
255,1.0121344365266123
256,1.0121344365266123
257,1.0121344365266123
258,1.0121344365266123
259,1.0121344365266123
260,1.0121344365266123
261,1.0121344365266123
262,1.0121344365266123
263,1.0121344365266123
264,1.0121344365266123
265,1.0121344365266123
266,1.0121344365266123
267,1.0121344365266123
268,1.0121344365266123
269,1.0121344365266123
270,1.0121344365266123
271,1.0121344365266123
272,1.0121344365266123
273,1.0121344365266123
274,1.0121344365266123
275,1.0121344365266123
276,1.0121344365266123
277,1.0121344365266123
278,1.0121344365266123
279,1.0121344365266123
280,1.0121344365266123
281,1.0121344365266123
282,1.0121344365266123
283,1.0121344365266123
284,1.0121344365266123
285,1.0121344365266123
286,1.0121344365266123
287,1.0121344365266123
288,1.0121344365266123
289,1.0121344365266123
290,1.0121344365266123
291,1.0121344365266123
292,1.0121344365266123
293,1.0121344365266123
294,1.0121344365266123
295,1.0121344365266123
296,1.0121344365266123
297,1.0121344365266123
298,1.0121344365266123
299,1.0121344365266123
0,0.704578154720395
1,0.7506723555203516
2,0.8057292840305526
3,0.8732295311945716
4,0.9590422789574559
5,1.0741759334187928
6,1.2429686446833246
7,1.5378715303665174
8,2.4851474419437216
9,9.554700114428547
10,2.405223816408655
11,9.554193152549278
12,1.9111891415817024
13,7.387317120792767
14,0.9910485107668852
15,0.9910485107668852
16,0.9910485107668852
17,0.9910485107668852
18,0.9910485107668852
19,0.9910485107668852
20,0.9910485107668852
21,0.9910485107668852
22,0.9910485107668852
23,0.9910485107668852
24,0.9910485107668852
25,0.9910485107668852
26,0.9910485107668852
27,0.9910485107668852
28,0.9910485107668852
29,0.9910485107668852
30,0.9910485107668852
31,0.9910485107668852
32,0.9910485107668852
33,0.9910485107668852
34,0.9910485107668852
35,0.9910485107668852
36,0.9910485107668852
37,0.9910485107668852
38,0.9910485107668852
39,0.9910485107668852
40,0.9910485107668852
41,0.9910485107668852
42,0.9910485107668852
43,0.9910485107668852
44,0.9910485107668852
45,0.9910485107668852
46,0.9910485107668852
47,0.9910485107668852
48,0.9910485107668852
49,0.9910485107668852
50,0.9910485107668852
51,0.9910485107668852
52,0.9910485107668852
53,0.9910485107668852
54,0.9910485107668852
55,0.9910485107668852
56,0.9910485107668852
57,0.9910485107668852
58,0.9910485107668852
59,0.9910485107668852
60,0.9910485107668852
61,0.9910485107668852
62,0.9910485107668852
63,0.9910485107668852
64,0.9910485107668852
65,0.9910485107668852
66,0.9910485107668852
67,0.9910485107668852
68,0.9910485107668852
69,0.9910485107668852
70,0.9910485107668852
71,0.9910485107668852
72,0.9910485107668852
73,0.9910485107668852
74,0.9910485107668852
75,0.9910485107668852
76,0.9910485107668852
77,0.9910485107668852
78,0.9910485107668852
79,0.9910485107668852
80,0.9910485107668852
81,0.9910485107668852
82,0.9910485107668852
83,0.9910485107668852
84,0.9910485107668852
85,0.9910485107668852
86,0.9910485107668852
87,0.9910485107668852
88,0.9910485107668852
89,0.9910485107668852
90,0.9910485107668852
91,0.9910485107668852
92,0.9910485107668852
93,0.9910485107668852
94,0.9910485107668852
95,0.9910485107668852
96,0.9910485107668852
97,0.9910485107668852
98,0.9910485107668852
99,0.9910485107668852
100,0.9910485107668852
101,0.9910485107668852
102,0.9910485107668852
103,0.9910485107668852
104,0.9910485107668852
105,0.9910485107668852
106,0.9910485107668852
107,0.9910485107668852
108,0.9910485107668852
109,0.9910485107668852
110,0.9910485107668852
111,0.9910485107668852
112,0.9910485107668852
113,0.9910485107668852
114,0.9910485107668852
115,0.9910485107668852
116,0.9910485107668852
117,0.9910485107668852
118,0.9910485107668852
119,0.9910485107668852
120,0.9910485107668852
121,0.9910485107668852
122,0.9910485107668852
123,0.9910485107668852
124,0.9910485107668852
125,0.9910485107668852
126,0.9910485107668852
127,0.9910485107668852
128,0.9910485107668852
129,0.9910485107668852
130,0.9910485107668852
131,0.9910485107668852
132,0.9910485107668852
133,0.9910485107668852
134,0.9910485107668852
135,0.9910485107668852
136,0.9910485107668852
137,0.9910485107668852
138,0.9910485107668852
139,0.9910485107668852
140,0.9910485107668852
141,0.9910485107668852
142,0.9910485107668852
143,0.9910485107668852
144,0.9910485107668852
145,0.9910485107668852
146,0.9910485107668852
147,0.9910485107668852
148,0.9910485107668852
149,0.9910485107668852
150,0.9910485107668852
151,0.9910485107668852
152,0.9910485107668852
153,0.9910485107668852
154,0.9910485107668852
155,0.9910485107668852
156,0.9910485107668852
157,0.9910485107668852
158,0.9910485107668852
159,0.9910485107668852
160,0.9910485107668852
161,0.9910485107668852
162,0.9910485107668852
163,0.9910485107668852
164,0.9910485107668852
165,0.9910485107668852
166,0.9910485107668852
167,0.9910485107668852
168,0.9910485107668852
169,0.9910485107668852
170,0.9910485107668852
171,0.9910485107668852
172,0.9910485107668852
173,0.9910485107668852
174,0.9910485107668852
175,0.9910485107668852
176,0.9910485107668852
177,0.9910485107668852
178,0.9910485107668852
179,0.9910485107668852
180,0.9910485107668852
181,0.9910485107668852
182,0.9910485107668852
183,0.9910485107668852
184,0.9910485107668852
185,0.9910485107668852
186,0.9910485107668852
187,0.9910485107668852
188,0.9910485107668852
189,0.9910485107668852
190,0.9910485107668852
191,0.9910485107668852
192,0.9910485107668852
193,0.9910485107668852
194,0.9910485107668852
195,0.9910485107668852
196,0.9910485107668852
197,0.9910485107668852
198,0.9910485107668852
199,0.9910485107668852
200,0.9910485107668852
201,0.9910485107668852
202,0.9910485107668852
203,0.9910485107668852
204,0.9910485107668852
205,0.9910485107668852
206,0.9910485107668852
207,0.9910485107668852
208,0.9910485107668852
209,0.9910485107668852
210,0.9910485107668852
211,0.9910485107668852
212,0.9910485107668852
213,0.9910485107668852
214,0.9910485107668852
215,0.9910485107668852
216,0.9910485107668852
217,0.9910485107668852
218,0.9910485107668852
219,0.9910485107668852
220,0.9910485107668852
221,0.9910485107668852
222,0.9910485107668852
223,0.9910485107668852
224,0.9910485107668852
225,0.9910485107668852
226,0.9910485107668852
227,0.9910485107668852
228,0.9910485107668852
229,0.9910485107668852
230,0.9910485107668852
231,0.9910485107668852
232,0.9910485107668852
233,0.9910485107668852
234,0.9910485107668852
235,0.9910485107668852
236,0.9910485107668852
237,0.9910485107668852
238,0.9910485107668852
239,0.9910485107668852
240,0.9910485107668852
241,0.9910485107668852
242,0.9910485107668852
243,0.9910485107668852
244,0.9910485107668852
245,0.9910485107668852
246,0.9910485107668852
247,0.9910485107668852
248,0.9910485107668852
249,0.9910485107668852
250,0.9910485107668852
251,0.9910485107668852
252,0.9910485107668852
253,0.9910485107668852
254,0.9910485107668852
255,0.9910485107668852
256,0.9910485107668852
257,0.9910485107668852
258,0.9910485107668852
259,0.9910485107668852
260,0.9910485107668852
261,0.9910485107668852
262,0.9910485107668852
263,0.9910485107668852
264,0.9910485107668852
265,0.9910485107668852
266,0.9910485107668852
267,0.9910485107668852
268,0.9910485107668852
269,0.9910485107668852
270,0.9910485107668852
271,0.9910485107668852
272,0.9910485107668852
273,0.9910485107668852
274,0.9910485107668852
275,0.9910485107668852
276,0.9910485107668852
277,0.9910485107668852
278,0.9910485107668852
279,0.9910485107668852
280,0.9910485107668852
281,0.9910485107668852
282,0.9910485107668852
283,0.9910485107668852
284,0.9910485107668852
285,0.9910485107668852
286,0.9910485107668852
287,0.9910485107668852
288,0.9910485107668852
289,0.9910485107668852
290,0.9910485107668852
291,0.9910485107668852
292,0.9910485107668852
293,0.9910485107668852
294,0.9910485107668852
295,0.9910485107668852
296,0.9910485107668852
297,0.9910485107668852
298,0.9910485107668852
299,0.9910485107668852
0,0.6689655431242444
1,0.6926175685146909
2,0.7186897699076292
3,0.7476372861250911
4,0.7800523653713639
5,0.8167249104640273
6,0.8587404440163006
7,0.907647187304629
8,0.9657606076681442
9,1.036769141621386
10,1.1270934905565697
11,1.2495443316095536
12,1.4368544868943895
13,1.8603509262629219
14,3.827766579917406
15,5.242819916196801
16,0.36630927711256345
17,0.3664138218321801
18,0.3665224892546006
19,0.36663533151191213
20,0.36675240389364827
21,0.3668737648021252
22,0.3669994757208565
23,0.367129601195205
24,0.3672642088245744
25,0.3674033692655786
26,0.36754715624574263
27,0.3676956465873991
28,0.3678489202415389
29,0.3680070603314668
30,0.36817015320619784
31,0.36833828850360817
32,0.3685115592234363
33,0.3686900618103003
34,0.36887389624697786
35,0.36906316615826906
36,0.3692579789258383
37,0.3694584458145141
38,0.369664682110609
39,0.3698768072729095
40,0.370094945097081
41,0.3703192238943371
42,0.3705497766853303
43,0.3707867414103451
44,0.3710302611570086
45,0.371280484406877
46,0.3715375653024281
47,0.37180166393616443
48,0.37207294666374535
49,0.3723515864432879
50,0.37263776320324665
51,0.372931664241567
52,0.37323348465914713
53,0.37354342783102124
54,0.3738617059191099
55,0.374188540430881
56,0.37452416282883366
57,0.37486881519637405
58,0.37522275096640745
59,0.37558623571985067
60,0.37595954806228304
61,0.37634298058814303
62,0.37673684094326326
63,0.3771414529981593
64,0.3775571581464027
65,0.3779843167446638
66,0.37842330971368676
67,0.3788745403226396
68,0.37933843618308455
69,0.37981545148337126
70,0.3803060694997484
71,0.38081080542713197
72,0.3813365149659971
73,0.38188795987966356
74,0.38245554943822563
75,0.38303996840334303
76,0.38364195476837476
77,0.38426230602561456
78,0.3849018864223654
79,0.3855616354022231
80,0.38624257747534285
81,0.3869458338224568
82,0.38767263601654134
83,0.38842434234962053
84,0.38920245738908554
85,0.3900086555706833
86,0.39084480988205195
87,0.39171302702770805
88,0.3926156909327317
89,0.3935555170967244
90,0.39453562124178626
91,0.39555960704855553
92,0.3966316797664534
93,0.3977567954833177
94,0.3989408604572198
95,0.4001910022040041
96,0.4015159458760195
97,0.4029265493299539
98,0.40443658484675055
99,0.4060639182391289
100,0.40783235593310263
101,0.4097746735059679
102,0.4119378684326917
103,0.41439294199705484
104,0.4172548961176295
105,0.42072922058446427
106,0.4252427568512395
107,0.4319546085494264
108,0.44727395624619853
109,0.5134758774215734
110,0.5142294252445624
111,0.515006298482287
112,0.5158077711780402
113,0.5166352546363998
114,0.5174903214487093
115,0.5183747354191511
116,0.5192904892721644
117,0.5202398527680581
118,0.521225434959651
119,0.5222502659967393
120,0.5233179064782325
121,0.524432596474151
122,0.5255994630878952
123,0.526824816849884
124,0.5281165873153807
125,0.5294849851541927
126,0.5309435495220647
127,0.5325108869492022
128,0.5342137362088881
129,0.5360927979133783
130,0.5382150003800305
131,0.5407032265501243
132,0.543825742445904
133,0.5483940442278631
134,0.562652570041804
135,0.5835415630454903
136,0.5846951331205074
137,0.5858872603673743
138,0.5871200451157306
139,0.5883957688500939
140,0.5897169163533804
141,0.5910862014867618
142,0.592506597388776
143,0.5939813720946269
144,0.5955141308722482
145,0.5971088669797747
146,0.5987700231236782
147,0.6005025667244077
148,0.6023120833191197
149,0.6042048942908459
150,0.6061882080370946
151,0.6082703184639358
152,0.6104608728295089
153,0.6127712455494648
154,0.6152150823065342
155,0.6178091352948842
156,0.6205746355284887
157,0.6235397553924867
158,0.6267450712196475
159,0.6302565116753818
160,0.6341946675067215
161,0.638911035933997
162,0.6556434291371183
163,0.6596482750557137
164,0.6640174454917557
165,0.6688188918668008
166,0.6741416673368016
167,0.6801057226377536
168,0.6868781647840451
169,0.6947019032145202
170,0.7039501279491465
171,0.7152409936082601
172,0.7297161298829213
173,0.7498831254967084
174,0.7834215896222357
175,0.9212277330846295
176,1.0631958523904592
177,1.0661025776394852
178,1.0726922559835126
179,1.096547135612476
180,1.0965505371727835
181,1.0965539514853166
182,1.0965573785614657
183,1.0965608184131452
184,1.0965642710527959
185,1.0965677364933852
186,1.0965712147484084
187,1.0965747058318884
188,1.0965782097583787
189,1.0965817265429616
190,1.0965852562012517
191,1.0965887987493945
192,1.0965923542040692
193,1.0965959225824886
194,1.0965995039024006
195,1.0966030981820882
196,1.0966067054403725
197,1.0966103256966113
198,1.0966139589707025
199,1.0966176052830832
200,1.0966212646547322
201,1.0966249371071708
202,1.0966286226624635
203,1.09663232134322
204,1.096636033172596
205,1.0966397581742944
206,1.096643496372567
207,1.0966472477922162
208,1.096651012458595
209,1.0966547903976103
210,1.0966585816357226
211,1.0966623861999494
212,1.0966662041178652
213,1.096670035417604
214,1.0966738801278606
215,1.0966777382778925
216,1.0966816098975218
217,1.096685495017137
218,1.096689393667694
219,1.0966933058807202
220,1.096697231688313
221,1.0967011711231458
222,1.0967051242184673
223,1.0967090910081043
224,1.0967226088244542
225,1.096744186238587
226,1.0967658335842174
227,1.0967875510011285
228,1.0968093386317863
229,1.0968311966213458
230,1.0968531251176572
231,1.0968751242712742
232,1.0968971942354588
233,1.09691933516619
234,1.0969415472221693
235,1.0969638305648308
236,1.0969861853583482
237,1.0970086117696412
238,1.0970311099683858
239,1.0970536801270236
240,1.0970763224207678
241,1.0970990370276166
242,1.097121824128358
243,1.0971446839065837
244,1.097167616548696
245,1.0971906222439212
246,1.097213701184317
247,1.0972368535647858
248,1.097260079583085
249,1.097283379439838
250,1.0973067533385474
251,1.097330201485606
252,1.0973537240903093
253,1.0973773213648685
254,1.0974009935244238
255,1.0974247407870572
256,1.0974485633738071
257,1.0974724615086802
258,1.0974964354186691
259,1.0975204853337637
260,1.0975446114869685
261,1.0975688141143172
262,1.097593093454888
263,1.0976174497508204
264,1.0976418832473311
265,1.0976663941927305
266,1.0976909828384402
267,1.0977156494390115
268,1.097740394252141
269,1.0977652175386907
270,1.0977901195627058
271,1.097815100591434
272,1.0978401608953448
273,1.0978653007481483
274,1.097890520426818
275,1.0979158202116082
276,1.0979412003860762
277,1.0979666612371057
278,1.097992203054925
279,1.0980178261331317
280,1.0980435307687146
281,1.0980693172620768
282,1.0980951859170596
283,1.098121137040965
284,1.0981471709445827
285,1.0981732879422124
286,1.0981994883516906
287,1.0982257724944158
288,1.0982521406953754
289,1.098278593283171
290,1.0983051305900475
291,1.0983317529519196
292,1.0983584607084003
293,1.098385254202829
294,1.0984121337823023
295,1.098439099797703
296,1.098466152603728
297,1.098493292558924
298,1.098520520025714
299,1.098547835370433
0,0.6926245362832916
1,0.6964140053170967
2,0.7002592905789691
3,0.7041618047378918
4,0.7081230133575196
5,0.7121444375458804
6,0.7162276567722531
7,0.7203743118639998
8,0.7245861081972799
9,0.7288648190968441
10,0.7332122894615175
11,0.7376304396335258
12,0.742121269531554
13,0.7466868630693303
14,0.7513293928836621
15,0.7560511253982104
16,0.7608544262519322
17,0.7657417661240542
18,0.7707157269907418
19,0.7757790088523008
20,0.7809344369738817
21,0.7861849696872961
22,0.791533706806768
23,0.7969838987173269
24,0.8025389562011853
25,0.8082024610749563
26,0.8139781777190724
27,0.8198700655904357
28,0.8258822928203163
29,0.8320192510120646
30,0.838285571367517
31,0.8446861422873808
32,0.8512261286097276
33,0.8579109926723734
34,0.8647465174099347
35,0.8717388317252384
36,0.8788944384082876
37,0.8862202449149478
38,0.8937235973629545
39,0.9014123181559891
40,0.9092947477089084
41,0.9173797908205857
42,0.9256769683274719
43,0.9341964747736495
44,0.9429492429552754
45,0.9519470163430865
46,0.9612024305613857
47,0.9707291053122331
48,0.9805417483878017
49,0.9906562737225787
50,1.0010899358137835
51,1.0118614833003141
52,1.0229913350600008
53,1.034501782890892
54,1.0464172257225997
55,1.0587644414082147
56,1.0715729035422357
57,1.0848751525239382
58,1.0987072323583527
59,1.1131092076216567
60,1.1281257788388208
61,1.143807019541092
62,1.1602092649285867
63,1.1773961909841808
64,1.195440134970701
65,1.214423724812374
66,1.2344419078702855
67,1.2556045020214472
68,1.2780394382730473
69,1.3018969314784452
70,1.3273549154029782
71,1.3546262289541413
72,1.3839682729531098
73,1.4156962251014236
74,1.4502015005490394
75,1.4879781536590453
76,1.5296616738633935
77,1.5760878223159265
78,1.6283852512778887
79,1.6881279742535105
80,1.7576004865251929
81,1.8402915376979816
82,1.941899351472991
83,2.072640449344046
84,2.2535669056640324
85,2.539566771159056
86,3.194247037586651
87,9.108487870882113
88,9.186296109529001
89,9.157166288657757
90,9.123851892926552
91,0.8226824500633024
92,0.8287527788013608
93,0.8349499857393481
94,0.8412788207551843
95,0.8477442997589587
96,0.8543517247646386
97,0.8611067058814669
98,0.8680151854488939
99,0.8750834645698714
100,0.882318232333291
101,0.8897265980582318
102,0.8973161269415684
103,0.9050948795477497
104,0.9130714556468523
105,0.9212550429863013
106,0.9296554716754701
107,0.938283274973707
108,0.9471497574050042
109,0.9562670712811921
110,0.9656483029060918
111,0.975307569962858
112,0.9852601318651496
113,0.9955225151915327
114,1.0061126567369143
115,1.0170500672241556
116,1.0283560193485892
117,1.040053764610753
118,1.0521687843712846
119,1.064729081793575
120,1.077765522900271
121,1.0913122369610655
122,1.1054070889896828
123,1.120092240446898
124,1.135414818585695
125,1.151427720600353
126,1.168190586371192
127,1.185770983872389
128,1.2042458653078003
129,1.2237033713433756
130,1.2442450877833875
131,1.2659888972937017
132,1.2890726238880952
133,1.3136587486796698
134,1.3399405961003779
135,1.3681505739777016
136,1.398571338601529
137,1.4315512174228
138,1.4675259845167872
139,1.5070503869160365
140,1.5508451343457124
141,1.5998693647958493
142,1.655437020319756
143,1.7194131378584594
144,1.7945656492833855
145,1.8852465064403756
146,1.9988520365919649
147,2.149432489222875
148,2.3687650272449896
149,2.7564609076041866
150,4.24490241540864
151,9.12489852667172
152,1.0774868552749737
153,1.0910224869881127
154,1.1051054201244468
155,1.1197777195349292
156,1.1350864005358827
157,1.1510842299129493
158,1.1678306947169055
159,1.1853931826693924
160,1.2038484319019407
161,1.2232843269229894
162,1.2438021444935372
163,1.2655193910627422
164,1.2885734280975327
165,1.3131261617654715
166,1.339370193093386
167,1.367537007241691
168,1.3979080655232703
169,1.430830120618511
170,1.466736829688668
171,1.5061800280070128
172,1.5498763114218161
173,1.5987788181691411
174,1.6541923994990535
175,1.7179676572422677
176,1.792848211343163
177,1.8831418151025714
178,1.996155684741
179,2.145731544400079
180,2.3630281197549583
181,2.744745699927809
182,4.141899458394023
183,9.123897374300649
184,0.8350895456417904
185,0.8414213695419192
186,0.847889952369045
187,0.8545006027546972
188,0.8612589379391928
189,0.8681709079571093
190,0.8752428222271804
191,0.8824813788382745
192,0.889893696865119
193,0.897487352096505
194,0.9052704166161676
195,0.9132515027440677
196,0.9214398119253977
197,0.9298451892487927
198,0.9384781843870083
199,0.9473501198865109
200,0.9564731678917365
201,0.965860436581115
202,0.9755260678227283
203,0.9854853478370738
204,0.9957548329946921
205,1.0063524932926855
206,1.0172978765658878
207,1.0286122971210436
208,1.040319053268794
209,1.052443679211857
210,1.0650142379858658
211,1.0780616637181923
212,1.0916201634724467
213,1.1057276915214314
214,1.1204265122298158
215,1.1357638720935086
216,1.1517928072444996
217,1.1685731204097567
218,1.1861725716581364
219,1.2046683413654562
220,1.224148843273134
221,1.2447159927007674
222,1.2664880735346589
223,1.2896034031878183
224,1.3142250762214722
225,1.340547189132012
226,1.3688031347839154
227,1.3992768456713867
228,1.432318331734757
229,1.4683656298102288
230,1.5079766009665099
231,1.5518763573651333
232,1.6010304624176652
233,1.6567626028369158
234,1.7209533064420355
235,1.79639663285151
236,1.8874921242449767
237,2.0017323118101094
238,2.153393462573378
239,2.374927590531822
240,2.7691723042258793
241,4.373470356920793
242,9.126004724987062
243,1.2971364234408849
244,1.322267588570462
245,1.349167530843671
246,1.3780840770892817
247,1.4093199128948295
248,1.4432498507616651
249,1.4803454075220897
250,1.5212107181462537
251,1.5666366462735781
252,1.6176853042822974
253,1.6758278895883274
254,1.7431815967762598
255,1.8229444130284833
256,1.9202633201358315
257,2.0441757392754445
258,2.21271266368442
259,2.4702285532205424
260,2.9862254292097212
261,9.103901267493685
262,9.149551309310326
263,9.112708769908194
264,9.318896983064311
265,9.265449467325338
266,9.2269914654758
267,9.195226256479284
268,9.166045321350714
269,9.135071765683405
270,2.588557627572759
271,3.3485854759010305
272,9.111877546021613
273,9.264834792103317
274,9.226510687419001
275,9.194806613437102
276,9.165636380525493
277,9.134583515645884
278,2.5175795128720764
279,3.118002991829441
280,9.10700929504088
281,9.170846152718083
282,9.14064718901304
283,3.876867452662958
284,9.12079087620146
285,0.8223611046873595
286,0.8223611046873595
287,0.8223611046873595
288,0.8223611046873595
289,0.8223611046873595
290,0.8223611046873595
291,0.8223611046873595
292,0.8223611046873595
293,0.8223611046873595
294,0.8223611046873595
295,0.8223611046873595
296,0.8223611046873595
297,0.8223611046873595
298,0.8223611046873595
299,0.8223611046873595
0,0.7176599676238992
1,0.7229825769361597
2,0.7284135235607355
3,0.733956675346738
4,0.7396161059077845
5,0.7453961093481156
6,0.7513012163233858
7,0.7573362115834711
8,0.763506153163936
9,0.7698163934150238
10,0.7762726020827002
11,0.7828807916860188
12,0.7896473454695966
13,0.7965790482502
14,0.8036831205233961
15,0.8109672562512508
16,0.8184396648167095
17,0.8261091177065412
18,0.8339850005749373
19,0.8420773714469848
20,0.850397025948901
21,0.858955570604701
22,0.8677655054225181
23,0.8768403172152646
24,0.8861945853687637
25,0.895844102097348
26,0.9058060096269342
27,0.9160989572376541
28,0.9267432817067253
29,0.9377612154493721
30,0.9491771276032118
31,0.9610178044952065
32,0.9733127774442364
33,0.98609470778643
34,0.9993998415003051
35,1.0132685490405868
36,1.0277459702212741
37,1.042882789581572
38,1.0587361751352484
39,1.0753709234809554
40,1.0928608680097527
41,1.1112906259699054
42,1.1307577868152539
43,1.1513756822035128
44,1.1732769328784227
45,1.1966180484513362
46,1.2215854774083177
47,1.2484036908853613
48,1.2773461766991874
49,1.308750693848561
50,1.3430409280967244
51,1.3807580559870578
52,1.42260818771219
53,1.4695363180900183
54,1.5228467484863557
55,1.5844099898131403
56,1.657043097566389
57,1.7452731340571475
58,1.8570654397461783
59,2.0084900339490215
60,2.240597776397572
61,2.7366538809681886
62,6.2317027413675605
63,6.31368237147127
64,6.728010319629481
65,9.306955230298957
66,9.303865521350003
67,9.300793218664651
68,9.29773367858871
69,9.294681855385031
70,9.291632172147608
71,9.288578350883803
72,9.28551318334165
73,9.282428213759516
74,9.279313286896015
75,9.276155882863172
76,9.272940100552912
77,9.2696450326108
78,9.266242021078964
79,9.262689690576986
80,9.258924108375705
81,9.254836716212933
82,9.181289466755079
83,7.041568434739244
84,6.688247623429014
85,9.255867633726753
86,9.251405596627135
87,7.307267978915229
88,6.763245059001344
89,0.7520180179978001
90,0.7520611121603331
91,0.7521044352349764
92,0.752147989164935
93,0.7521917759206083
94,0.7522357975001196
95,0.7522800559298614
96,0.7523245532650525
97,0.7523692915903113
98,0.7524142730202399
99,0.7524594997000271
100,0.7525049738060641
101,0.7525506975465768
102,0.7525966731622739
103,0.7526429029270126
104,0.7526893891484813
105,0.752736134168899
106,0.7527831403657353
107,0.7528304101524476
108,0.7528779459792381
109,0.7529257503338322
110,0.7529738257422771
111,0.7530221747697607
112,0.7530708000214558
113,0.7531197041433837
114,0.7531688898233049
115,0.7532183597916321
116,0.7532681168223694
117,0.7533181637340783
118,0.75336850339087
119,0.7534191387034255
120,0.7534700726300463
121,0.7535213081777338
122,0.7535728484032996
123,0.7536246964145099
124,0.75367685537126
125,0.7537293284867868
126,0.7537821190289139
127,0.7538352303213367
128,0.7538886657449424
129,0.7539424287391729
130,0.7539965228034269
131,0.7540509514985052
132,0.7541057184481005
133,0.7541608273403324
134,0.7542162819293309
135,0.7542720860368683
136,0.7543282435540434
137,0.7543847584430173
138,0.7544416347388067
139,0.7544988765511323
140,0.754556488066328
141,0.7546144735493123
142,0.7546728373456225
143,0.7547315838835181
144,0.7547907176761515
145,0.7548502433238119
146,0.7549101655162455
147,0.7549704890350527
148,0.755031218756167
149,0.7550923596524193
150,0.7551539167961904
151,0.7552158953621558
152,0.7552783006301262
153,0.755341137987988
154,0.7554044129347486
155,0.7554681310836908
156,0.755532298165639
157,0.7555969200323468
158,0.7556620026600055
159,0.7557275521528836
160,0.7557935747471005
161,0.7558600768145421
162,0.7559270648669222
163,0.7559945455599997
164,0.7560625256979568
165,0.756131012237945
166,0.7562000122948085
167,0.7562695331459924
168,0.7563395822366457
169,0.7564101671849239
170,0.7564812957875093
171,0.7565529760253507
172,0.7566252160696376
173,0.7566980242880236
174,0.7567714092511016
175,0.7568453797391562
176,0.7569199447491958
177,0.7569951135022874
178,0.7570708954512039
179,0.7571473002884027
180,0.7572243379543538
181,0.7573020186462337
182,0.757380352827005
183,0.7574593512349056
184,0.7575390248933649
185,0.7576193851213738
186,0.7577004435443341
187,0.7577822121054094
188,0.7578647030774135
189,0.7579479290752585
190,0.7580319030690023
191,0.7581166383975245
192,0.7582021487828714
193,0.7582884483453074
194,0.7583755516191171
195,0.7584634735692013
196,0.7585522296085174
197,0.7586418356164143
198,0.7587323079579205
199,0.7588236635040401
200,0.7589159196531289
201,0.7590090943534119
202,0.7591032061267214
203,0.7591982740935346
204,0.7592943179993971
205,0.7593913582428257
206,0.7594894159047899
207,0.7595885127798833
208,0.7596886714092991
209,0.7597899151157397
210,0.7598922680403961
211,0.7599957551821482
212,0.7601004024391451
213,0.760206236652945
214,0.7603132856554023
215,0.7604215783185144
216,0.760531144607449
217,0.7606420156370056
218,0.7607542237317783
219,0.7608678024903126
220,0.7609827868535862
221,0.7610992131781588
222,0.761217119314388
223,0.7613365446901316
224,0.7614575304004073
225,0.7615801193035274
226,0.7617043561242753
227,0.7618302875647541
228,0.7619579624236043
229,0.7620874317243548
230,0.762218748853768
231,0.7623519697111198
232,0.7624871528694782
233,0.7626243597501453
234,0.7627636548115861
235,0.762905105754302
236,0.7630487837433
237,0.7631947636499967
238,0.7633431243156379
239,0.7634939488385647
240,0.7636473248879719
241,0.763803345047143
242,0.7639621071895474
243,0.7641237148916539
244,0.7642882778868454
245,0.7644559125654478
246,0.7646267425266092
247,0.7648008991886236
248,0.7649785224652845
249,0.765159761517034
250,0.765344775587056
251,0.7655337349341124
252,0.7657268218758727
253,0.7659242319588263
254,0.7661261752736668
255,0.766332877938411
256,0.7665445837755949
257,0.766761556214844
258,0.7669840804581669
259,0.7672124659527514
260,0.7674470492251994
261,0.7676881971425181
262,0.7679363106793775
263,0.7681918292889813
264,0.7684552359974709
265,0.7687270633705207
266,0.7690079005376905
267,0.7692984015078621
268,0.7695992950714273
269,0.7699113966670416
270,0.7702356227000573
271,0.7705730079467635
272,0.7709247268785614
273,0.771292120015721
274,0.7716767268050595
275,0.7720803270609705
276,0.7725049937941076
277,0.7729531614023093
278,0.7734277149172835
279,0.7739321086254037
280,0.7744705264868681
281,0.7750481033764535
282,0.7756712371050365
283,0.7763480399498762
284,0.7770890119610664
285,0.7779080811394875
286,0.7788242800363399
287,0.7798645920357982
288,0.7810691077823565
289,0.7825011859101946
290,0.7842698833060885
291,0.7865882824921504
292,0.7899708369096268
293,0.7963764793002276
294,0.8295296342913574
295,0.8295624565177722
296,0.8295954237949704
297,0.8296285372375181
298,0.8296617979732948
299,0.8296952071437071
0,0.6751249109092613
1,0.6723478935555391
2,0.6696009473700207
3,0.6668835205357921
4,0.6641948102034915
5,0.6615345891526665
6,0.6589020287345213
7,0.6562969890759948
8,0.653718607654738
9,0.651166828186643
10,0.6486407545053073
11,0.6461404103678191
12,0.6436648662691578
13,0.6412142538618043
14,0.6387871808446683
15,0.636384219734269
16,0.6340039733252986
17,0.6316471127077191
18,0.6293121833711057
19,0.62699994516216
20,0.6247088934922871
21,0.6224398678835715
22,0.62019132035664
23,0.6179641617045828
24,0.615756806746107
25,0.6135702297647502
26,0.6114028141052043
27,0.6092555903362332
28,0.6071269156299233
29,0.605017870166117
30,0.6029267898508305
31,0.6008547982914474
32,0.5988002146686302
33,0.5967642002873498
34,0.5947746868860564
35,0.5927726993336362
36,0.5908165806277264
37,0.5888469812834118
38,0.5869237357687669
39,0.5849865097959303
40,0.5830947677621418
41,0.5811888055354257
42,0.5793277300836208
43,0.5774522540681727
44,0.5756211618418708
45,0.5737752358075479
46,0.5719726312732912
47,0.5701560806157973
48,0.5683818368597153
49,0.5665934030623372
50,0.5648466891976852
51,0.5630856451391887
52,0.5613658332285151
53,0.5596315869274159
54,0.5579103868530695
55,0.5562288926947749
56,0.554560876411903
57,0.5528777084680891
58,0.5512345950406792
59,0.549576279990277
60,0.547957146341138
61,0.5463495929891322
62,0.5447276648166878
63,0.5431437320261105
64,0.5415450574804221
65,0.5399835561061517
66,0.5384335637598587
67,0.536868834678222
68,0.5353411367282062
69,0.5337981598935733
70,0.5322913082827879
71,0.5307962430333664
72,0.5292846691665344
73,0.5278104364324825
74,0.5263198867849295
75,0.5248647499611537
76,0.5234208964067312
77,0.5219601796907709
78,0.5205360153283696
79,0.5190948242373388
80,0.5176892657782914
81,0.5162932331357648
82,0.5148815534435714
83,0.5135036468211941
84,0.5121353299445112
85,0.5107508513449034
86,0.5094007166958077
87,0.5080343039647395
88,0.5067010531279844
89,0.505377788812883
90,0.504037303788622
91,0.5027312231901349
92,0.5014074366486994
93,0.5001174170988225
94,0.4988355358760232
95,0.4975366461442752
96,0.4962717497403502
97,0.4949894932149724
98,0.4937398014767835
99,0.4924979546880861
100,0.4912394286885366
101,0.49001318428367724
102,0.48877062710085456
103,0.4875587188967909
104,0.48633008995533633
105,0.4851341549983622
106,0.4839205974222132
107,0.48273921888223353
108,0.4815405240961858
109,0.4803726953671527
110,0.4792120716617834
111,0.4780342527358617
112,0.47688729514940237
113,0.4757239200585203
114,0.4745899168654667
115,0.47346350234110646
116,0.4723202419122116
117,0.47120764640582297
118,0.4700768256845719
119,0.46897576455914497
120,0.46788188597247543
121,0.466771829957264
122,0.4656895926373193
123,0.4646146271170388
124,0.4635220261115197
125,0.46245984517745886
126,0.4613795807642139
127,0.46032877599795574
128,0.45928457410234325
129,0.458222847030004
130,0.4571905817463626
131,0.45613967459014626
132,0.45511856181192295
133,0.4541034495352287
134,0.45307064741792014
135,0.45206656368683396
136,0.4510448265410326
137,0.4500501974928532
138,0.4490627882469392
139,0.4480574093685426
140,0.4470804177604107
141,0.446108237176395
142,0.4451183047460397
143,0.4441573441078414
144,0.4431785375556199
145,0.44220543163546555
146,0.4412597013747737
147,0.4403180504050593
148,0.4393601693343461
149,0.4384283508462406
150,0.4375016559095668
151,0.4365586942834042
152,0.4356418177388714
153,0.4347293429239591
154,0.43382277633297045
155,0.4328979490694043
156,0.4320009168135815
157,0.4310864374827293
158,0.4301981630636491
159,0.42931388185834374
160,0.4284122796732925
161,0.4275379950635221
162,0.4266460829317654
163,0.42577854018820416
164,0.42491757510137873
165,0.42403906769124283
166,0.4231862954292745
167,0.42233748403634264
168,0.42147106523081374
169,0.4206311931556488
170,0.419774239881817
171,0.4189410614465554
172,0.41811423877387843
173,0.4172683515851475
174,0.4164481548366157
175,0.41563313099065
176,0.41480090651170515
177,0.4139938502637841
178,0.41316862269696036
179,0.41236818345315585
180,0.4115724278764874
181,0.410759241184575
182,0.4099714938325702
183,0.4091666709926612
184,0.40838489915913795
185,0.4076088299069162
186,0.40681490331912495
187,0.40604385965962364
188,0.4052787708123561
189,0.40449687355318836
190,0.40373809192612453
191,0.4029834105637884
192,0.40221052037972316
193,0.40146325827228685
194,0.4006988408499824
195,0.39995658360441977
196,0.39921974442316704
197,0.39846499310862354
198,0.3977345535732236
199,0.39698707907127617
200,0.3962631232645067
201,0.3955427128761168
202,0.3948041759340808
203,0.39408902209852803
204,0.3933795344702658
205,0.39265192404105204
206,0.39194619569850564
207,0.3912456597003016
208,0.39052675626240935
209,0.38983253130766593
210,0.38911932052901516
211,0.3884306795101706
212,0.3877457476112244
213,0.38704292273315777
214,0.3863643565397443
215,0.38566768398160195
216,0.384992800872905
217,0.38432218717182326
218,0.3836349729114775
219,0.3829703411274778
220,0.38230888222776926
221,0.3816299981227717
222,0.38097428444078235
223,0.3803017045011159
224,0.37965030856369425
225,0.37900361373944397
226,0.3783390526060034
227,0.377696790234166
228,0.3770384594601207
229,0.37640340516523063
230,0.37576768800991805
231,0.37511664096833386
232,0.374489721895628
233,0.3738451026555828
234,0.37322240284767005
235,0.3726009011699189
236,0.3719637212615785
237,0.37134890333085296
238,0.3707373035164474
239,0.37010766741848317
240,0.36949995027557986
241,0.36887577787646697
242,0.36827430600770183
243,0.3676553916066588
244,0.3670581664790001
245,0.3664635245588666
246,0.3658515570988907
247,0.3652631287741914
248,0.36465636193453715
249,0.36407072266550755
250,0.36348778438334073
251,0.36288851930181093
252,0.36231008229627465
253,0.36173560652900916
254,0.3611533849703411
255,0.36056418612368674
256,0.35999601760248373
257,0.3594104011285838
258,0.3588373835361694
259,0.3582575474011018
260,0.3576984189869153
261,0.35712191020023226
262,0.35655788163257374
263,0.35599906081186206
264,0.35543065832883064
265,0.3548821772582412
266,0.35433084497291045
267,0.35376837248270987
268,0.3532168601887498
269,0.35267266506387407
270,0.3521173519130073
271,0.35157178146937307
272,0.35103339513361204
273,0.35048490586555114
274,0.34994981918551693
275,0.34940371303733664
276,0.34886970352944224
277,0.34833747599899306
278,0.34779821421063956
279,0.3472742511760411
280,0.346740289093101
281,0.3462255076563595
282,0.34570817667222004
283,0.34517964604938894
284,0.34466513109224906
285,0.3441487211045223
286,0.3436248271508776
287,0.34311582004226626
288,0.3425976962691109
289,0.3420888741172095
290,0.3415860454043155
291,0.3410731746857971
292,0.34057069788343036
293,0.3400615729265601
294,0.3395661841719907
295,0.3390777175656514
296,0.33857293628407314
297,0.3380842588165135
298,0.33759232385249516
299,0.33709366014183667
0,0.7004703774901805
1,0.696221364358056
2,0.6920397546854578
3,0.6879245151057496
4,0.6838730938794756
5,0.679884568069888
6,0.6759565400672738
7,0.6720881936217182
8,0.6682772782016774
9,0.6645230654394509
10,0.6608234323654187
11,0.6571777360533126
12,0.6535839768011485
13,0.6500415814971172
14,0.6465486572294021
15,0.6431047001168055
16,0.6397079210025881
17,0.6363578723135518
18,0.6330528549894482
19,0.629792477767987
20,0.626575130133857
21,0.623400466084344
22,0.6202669518983851
23,0.6171742877964023
24,0.6141210158111112
25,0.6111068731036035
26,0.6081304675458518
27,0.6052320698656798
28,0.6023275264941402
29,0.5994989972692153
30,0.5966634199724139
31,0.5939021104003579
32,0.5911338398544166
33,0.5883964309561492
34,0.5857299869797552
35,0.5830565062241988
36,0.5804114334550734
37,0.57783487531349
38,0.5752504849770369
39,0.5727316725863378
40,0.5702014184912176
41,0.56770146411562
42,0.5652642892871312
43,0.5628153753895946
44,0.5604306880570386
45,0.5580357578443472
46,0.5556636599437904
47,0.5533538304983703
48,0.5510321920800569
49,0.5487706184340524
50,0.546496735973634
51,0.5442442360060349
52,0.5420511424280133
53,0.5398458069269768
54,0.537661666363748
55,0.5355340696127773
56,0.533393703540968
57,0.5312718807421011
58,0.5292063050876876
59,0.5271271346450837
60,0.5251018227227241
61,0.5230625428235103
62,0.5210403630137407
63,0.5190725203390342
64,0.5170904386472989
65,0.5151598718964951
66,0.5132117709197251
67,0.5112845347368857
68,0.5094070210724542
69,0.5075136394555402
70,0.5056706803435244
71,0.5038123652091356
72,0.5019676944484313
73,0.5001741612650302
74,0.4983640981571563
75,0.49660269313308486
76,0.49482480885537694
77,0.49305990018087004
78,0.49134434242058
79,0.48961251004078055
80,0.48789482446545995
81,0.48622350435522177
82,0.48453570506546484
83,0.4828593179478591
84,0.4812301849961803
85,0.47958478799314025
86,0.4779832664467671
87,0.47636167995538387
88,0.47475585705097745
89,0.4731939094058676
90,0.4716148406365374
91,0.4700787406041934
92,0.4685220725902831
93,0.4669812556578281
94,0.4654821075351301
95,0.463964700118207
96,0.4624897835387374
97,0.4609972417464719
98,0.4595131724678858
99,0.4580730653043044
100,0.4566153344031425
101,0.45516801528394984
102,0.45376142111549334
103,0.452333911393447
104,0.45094916780271826
105,0.44954641746321927
106,0.44815367414503315
107,0.44680058880829576
108,0.44542943968457294
109,0.4440654337679051
110,0.44274263566915123
111,0.4414021732187448
112,0.44006826070136
113,0.4387748714544758
114,0.4374629107464527
115,0.4361888045374651
116,0.4348964922242793
117,0.4336105701420892
118,0.43236412016617737
119,0.43109978763899787
120,0.4298437043777285
121,0.4286241840360627
122,0.4273867734392277
123,0.4261848812147826
124,0.4249613002057944
125,0.4237500202838284
126,0.4225734226785829
127,0.42137541055837985
128,0.42021542409565726
129,0.4190363759135687
130,0.417866318751148
131,0.4167304732306786
132,0.4155730527286704
133,0.4144529969801848
134,0.4133144198970837
135,0.4121828772696191
136,0.4110855816842431
137,0.40997009612398183
138,0.4088586065410602
139,0.40778343551691976
140,0.4066901804623482
141,0.4056032511961658
142,0.4045495153138267
143,0.4034743338252779
144,0.40243465921389354
145,0.40137659612518567
146,0.40032483299181454
147,0.39930542131259633
148,0.3982679548754874
149,0.397233650519053
150,0.3962337841335628
151,0.3952161582614859
152,0.39420140676515947
153,0.39322054030869696
154,0.39222210215565606
155,0.3912538475359238
156,0.3902665123512852
157,0.38928834925721834
158,0.3883479488990636
159,0.3873761549777925
160,0.38644241741793084
161,0.38549472548383834
162,0.3845822625263617
163,0.3836391996291298
164,0.3826992500219108
165,0.3818035685225118
166,0.38088197096751136
167,0.37998770121729397
168,0.3790709625132996
169,0.37816684192154054
170,0.3772936113388312
171,0.376403014581539
172,0.3755141260972766
173,0.3746514309742623
174,0.3737768349233825
175,0.3729297458943931
176,0.37205393940052267
177,0.371194596575798
178,0.3703570904098584
179,0.3695049868182625
180,0.3686857964509274
181,0.3678425646292675
182,0.3669995718536134
183,0.3661955229164342
184,0.36536926733777536
185,0.3645650021621741
186,0.3637482803084594
187,0.3629548945097233
188,0.36214858936516026
189,0.36134579302391395
190,0.3605650774851077
191,0.3597725365360117
192,0.35901077020094396
193,0.3582216891708229
194,0.3574527263036009
195,0.35670368547209624
196,0.3559460360750278
197,0.35520077345587914
198,0.35444874891420586
199,0.35372682598643634
200,0.35296919693989126
201,0.35225686585101806
202,0.35151269473815017
203,0.35078111732687645
204,0.3500686563838876
205,0.34934774217546394
206,0.3486541911589749
207,0.3479272164779404
208,0.3472412285857267
209,0.34652211709562575
210,0.3458436132173562
211,0.3451457656519248
212,0.3444354667029195
213,0.3437678538087626
214,0.34306761188577195
215,0.34240728402454307
216,0.34172783904161086
217,0.3410385520910674
218,0.34038857240747683
219,0.33970401532414984
220,0.3390610749313983
221,0.33839935064867305
222,0.33774560276205634
223,0.33707735646502357
224,0.33643055446370856
225,0.33579953041815086
226,0.335162620023122
227,0.33450791168999205
228,0.3338747588355354
229,0.3332452438213464
230,0.3326137699718696
231,0.3319804694204035
232,0.3313526045564429
233,0.3307361578179898
234,0.33012873457479436
235,0.3295188500392951
236,0.3289063245492064
237,0.32829260495807766
238,0.32769237269320883
239,0.3270760432500535
240,0.3264968853293828
241,0.32590872478438804
242,0.3253209091579335
243,0.3246611402760718
244,0.32400495714950056
245,0.32335233190051504
246,0.32270323695059905
247,0.32205764501620626
248,0.32141552910461657
249,0.3207768625098652
250,0.3201416188087429
251,0.3195097718568668
252,0.31888129578481866
253,0.3182561649943513
254,0.31770400223293793
255,0.3170848853339065
256,0.31646904183251556
257,0.3158581492106229
258,0.31524872954651667
259,0.3146441784061347
260,0.3140326420201405
261,0.3134224376579271
262,0.312828903835932
263,0.31222485055582716
264,0.3116373190367239
265,0.3110393284878142
266,0.310446367560221
267,0.30986571609583036
268,0.3092786994927344
269,0.3087038265705424
270,0.3081911213236027
271,0.3076124166102896
272,0.30704562000251573
273,0.30647265644697824
274,0.30590978182496237
275,0.30534249247251216
276,0.30477611066018
277,0.3042250258954258
278,0.30366417522991646
279,0.3031185205793717
280,0.30256312454766
281,0.30201254199100275
282,0.3014750721951542
283,0.300927799007767
284,0.3003952445756861
285,0.2998552573137363
286,0.2993781177772089
287,0.2988531306482879
288,0.29831846766544123
289,0.29779823685695217
290,0.29727099736067225
291,0.2967460749521513
292,0.2962332213224472
293,0.29571121640116604
294,0.29520353766974916
295,0.294688521361959
296,0.2941760270662971
297,0.29367309856128815
298,0.2931657087474908
299,0.2926605067484605
0,0.7131710392033549
1,0.6643211913230754
2,0.6234507942078804
3,0.588683320849287
4,0.5576778563812173
5,0.5314014880039658
6,0.5072853131127588
7,0.48572848100324945
8,0.46696596696239123
9,0.44938676786901693
10,0.4333055532105743
11,0.41871179566209976
12,0.40557404631198263
13,0.39304316037899023
14,0.381710947720194
15,0.370961419039337
16,0.36119139976250464
17,0.3520138542346564
18,0.34315651167529965
19,0.3350946483458765
20,0.3272536895279561
21,0.32034667720576987
22,0.3133980874935247
23,0.3068149775551531
24,0.3007681100161644
25,0.29502231473329293
26,0.289372291973285
27,0.28382635122059396
28,0.2782001319628833
29,0.2734925678749715
30,0.2687268466391907
31,0.2638667511230051
32,0.25961505021747283
33,0.25516830238974025
34,0.2512309728226101
35,0.24760091605541226
36,0.2439879497259477
37,0.24027173528357285
38,0.23668994945263053
39,0.2336669015422516
40,0.23061257624397172
41,0.22746337339407466
42,0.22460008165637974
43,0.22200710796659498
44,0.21935335453906432
45,0.21663318370019938
46,0.2143141376660435
47,0.21194315155118879
48,0.2096838490663675
49,0.20757376365510177
50,0.20522414883162074
51,0.20305292516090523
52,0.20115528071874206
53,0.1991708265060056
54,0.19728851534497424
55,0.19539207728563004
56,0.19367776379168358
57,0.19205824991452627
58,0.19039979150010083
59,0.1887823918166704
60,0.1872133599068564
61,0.18575450252135264
62,0.18429338142459237
63,0.1828607902465212
64,0.1815324109214485
65,0.1802534574196169
66,0.17888439379929094
67,0.17762486095516508
68,0.17644722271926622
69,0.17528954314361636
70,0.17408477008058001
71,0.17300259284520866
72,0.1718460684809411
73,0.1707825409190501
74,0.1697871814023464
75,0.16873861668189843
76,0.16772406740355353
77,0.16678112897791256
78,0.16597082710551453
79,0.1650357091244619
80,0.16411555849863912
81,0.1632832696650495
82,0.16244374337457904
83,0.16165437807802935
84,0.16090841874858414
85,0.16012854382365826
86,0.15937404526831098
87,0.15866392282907996
88,0.157912156827277
89,0.15729931815282344
90,0.15660732605664754
91,0.15594456712999386
92,0.15526947598273838
93,0.15454497326055483
94,0.15384729320302445
95,0.15316838764459037
96,0.15250701086415172
97,0.15186211330276955
98,0.1513377560302038
99,0.1506807477111427
100,0.1500779879102173
101,0.14945113674708432
102,0.14889402796463364
103,0.14827887016238053
104,0.14756891511495432
105,0.1468753130902135
106,0.1463276101380025
107,0.14573274785293502
108,0.1450794323944207
109,0.14451081352094847
110,0.14400115692318127
111,0.1435011426103941
112,0.14296483583476136
113,0.14245557159423086
114,0.14198018926173298
115,0.14151488558895514
116,0.14112284743904974
117,0.14067488500620257
118,0.14023699690867472
119,0.13987682947010263
120,0.13944202763002753
121,0.1390253399170482
122,0.13860912211726042
123,0.13827149513952727
124,0.1378855422379182
125,0.13740860601232327
126,0.13694176257917134
127,0.13655260809437234
128,0.13630000851439908
129,0.13585427153632973
130,0.13561045966395585
131,0.13517827335839344
132,0.13490071644417578
133,0.1345786172765671
134,0.13425803479606815
135,0.13384856615037846
136,0.13351431749389653
137,0.1332942007883284
138,0.1329016379154844
139,0.132650128608058
140,0.13245532278515024
141,0.13207904201369658
142,0.13170109530885565
143,0.13141714209960684
144,0.13115673524887997
145,0.13079486586717798
146,0.13061497351770227
147,0.1303465472520724
148,0.1301002653896052
149,0.12980137246624715
150,0.12962070201452083
151,0.1293434683567763
152,0.12913835726297238
153,0.1288564284739745
154,0.12862182991156673
155,0.12839630255311998
156,0.12810378091706254
157,0.1279432507368037
158,0.12767766344148754
159,0.12746344217997194
160,0.1271810867780391
161,0.1270236811692318
162,0.1268175545587097
163,0.12660910755296642
164,0.12646208654997868
165,0.12625037553384805
166,0.1261021562687215
167,0.12585138848153232
168,0.1256754286535776
169,0.1255282393392239
170,0.12532719407062096
171,0.12512089178717414
172,0.12493292533124749
173,0.1247463582384646
174,0.12452700402907496
175,0.12433909466909836
176,0.124202368278124
177,0.12402345630785121
178,0.12384886582840682
179,0.1237243182423573
180,0.12351173200345726
181,0.12332811039536894
182,0.12317770062826883
183,0.12298928780804666
184,0.12281118630775696
185,0.12263206114022067
186,0.12245879340640799
187,0.12230235346316343
188,0.12218188670103321
189,0.12202975752106726
190,0.12189079211480988
191,0.12172626943401982
192,0.12162501410066308
193,0.1214788130723519
194,0.12131282406175567
195,0.12115517969640999
196,0.12099656396169063
197,0.12088499710201539
198,0.1207265236620304
199,0.12058641562757742
200,0.12043862514854965
201,0.12036891959672914
202,0.12022896662356407
203,0.12011737295872128
204,0.12000883192589622
205,0.11986692368114475
206,0.11979990002238172
207,0.1196921020640317
208,0.119587467200135
209,0.119403113927246
210,0.11925793695345392
211,0.11914972426062799
212,0.11897104470247791
213,0.11886496688344345
214,0.11873504681275639
215,0.11867254882191187
216,0.11850612337586436
217,0.11840397095814147
218,0.11827621991026517
219,0.11817926453504903
220,0.11802093067331662
221,0.11789665153117945
222,0.11780229972848186
223,0.11770561061224835
224,0.11753053322593872
225,0.1174125598093646
226,0.11729424249466734
227,0.11720633492662971
228,0.11708050327961682
229,0.11695868344472042
230,0.1168667395307874
231,0.1167729244830232
232,0.1166620612671077
233,0.11655085549953512
234,0.11640848134675708
235,0.11629222038323045
236,0.11620501677359797
237,0.11611592030895437
238,0.11604001911486615
239,0.11591279473988908
240,0.11580654035770112
241,0.11571854313318647
242,0.11562382904883416
243,0.11554230965291136
244,0.11539374450707543
245,0.11528986079473329
246,0.11520494798686096
247,0.11507841107225013
248,0.11499736644353226
249,0.11489781098364044
250,0.11479345149241071
251,0.114661572754401
252,0.11458358017369027
253,0.1144872437459501
254,0.11439903195300238
255,0.11429834701196585
256,0.11422996464195156
257,0.11418237963618003
258,0.11406605368611458
259,0.11398633072336704
260,0.11391221876276922
261,0.11384099945924954
262,0.11374842813856392
263,0.11362730103099405
264,0.11353589120242358
265,0.11341161966184557
266,0.11333990491114271
267,0.11325780849061413
268,0.11317034854467833
269,0.11310002359048235
270,0.1129876929256542
271,0.1129212053351121
272,0.1128541130877354
273,0.11277898169492208
274,0.11270163019988774
275,0.11263979621399506
276,0.1125174735877492
277,0.11244234327551916
278,0.11237558268895685
279,0.11230312855610741
280,0.11219602689757986
281,0.11213432370817705
282,0.1120514142288199
283,0.11198849082882736
284,0.1119075348506196
285,0.11184544458536791
286,0.11178010887216867
287,0.11171713809488325
288,0.11165780265129827
289,0.11154437460420252
290,0.11146562831937445
291,0.11139895431143262
292,0.11133899095186926
293,0.11128189131949084
294,0.1112123857738059
295,0.11113566154907659
296,0.11106478960201312
297,0.11100502200829575
298,0.11094121076889073
299,0.11086610183079149
0,0.708811115425512
1,0.4417575882486645
2,0.2021217411150979
3,0.8402284289147856
4,0.8556065509848676
5,1.2479303840627987
6,1.2506878585510555
7,1.5192597034067195
8,6.8736641279931945
9,6.912423205598964
10,6.914017917922601
11,6.915888104576374
12,6.9181115817249985
13,6.920801761968128
14,6.924133236596022
15,6.928460674707032
16,6.931532975589625
17,6.93517857446667
18,6.939649337853698
19,6.945512033285159
20,6.955172419037126
21,7.002108404355581
22,7.007966116251953
23,7.015412336603409
24,7.025104991117801
25,7.0385976155866254
26,7.061714869747759
27,7.113663437851871
28,7.444816661034047
29,7.4463745747469705
30,7.450261306430527
31,7.443341793304502
32,7.443341793304502
33,7.443341793304502
34,7.443341793304502
35,7.443341793304502
36,7.443341793304502
37,7.443341793304502
38,7.443341793304502
39,7.443341793304502
40,7.443341793304502
41,7.443341793304502
42,7.443341793304502
43,7.443341793304502
44,7.443341793304502
45,7.443341793304502
46,7.443341793304502
47,7.443341793304502
48,7.443341793304502
49,7.443341793304502
50,7.443356077170083
51,7.443415105683607
52,7.443477469403868
53,7.443543473069185
54,7.443613462861849
55,7.443687834385654
56,7.4437670427012455
57,7.443851615095737
58,7.443942167537125
59,7.44403942617272
60,7.444144255853045
61,7.444257698633057
62,7.444381026756513
63,7.44451581719423
64,7.430213880149542
65,7.42865595648744
66,7.427956312212657
67,7.427562389194989
68,7.427342220505696
69,7.427249177940247
70,7.4272697773933025
71,7.427413009258087
72,7.427717194972981
73,7.42828892599755
74,7.429520177072459
75,7.444539446129547
76,7.444377680317833
77,7.444227939492842
78,7.444088606805046
79,7.443958385480592
80,7.4438362188228675
81,7.443721233611914
82,7.443612699160061
83,7.443509997117014
84,7.443412598823987
85,7.443341793304511
86,7.443341793304511
87,7.443341793304511
88,7.443341793304511
89,7.443341793304511
90,7.443341793304511
91,7.443341793304511
92,7.443519820277899
93,7.443713102579472
94,7.443916143766468
95,7.444129939847031
96,7.4137835947765325
97,7.411241413352165
98,7.409941059218662
99,7.409617984837438
100,7.411305906471712
101,7.406548895722053
102,7.406091142239085
103,7.4056823761852995
104,7.405313000357064
105,7.404975998355773
106,7.404666085001323
107,7.404379179895435
108,7.404112067009077
109,7.403862166592949
110,7.403627377676269
111,7.40340596646036
112,7.403196485438879
113,7.402997713621061
114,7.402808611577099
115,7.402630416397101
116,7.402518393621394
117,7.402415919150458
118,7.402322555575901
119,7.402237952327514
120,7.402161837566623
121,7.4020940125770505
122,7.402034348365105
123,7.401982784321097
124,7.401939328923889
125,7.401904062601072
126,7.401989093862975
127,7.402086017349883
128,7.4021884334507515
129,7.402296980368703
130,7.391005900804801
131,7.387434817656562
132,7.386423441845811
133,7.3858672683448585
134,7.385517276390485
135,7.385290909528565
136,7.385151939244321
137,7.385082897454692
138,7.385076165636078
139,7.385130905531499
140,7.385252751605746
141,7.3854559977799665
142,7.385770344984704
143,7.386260834506877
144,7.387104604897285
145,7.3892090924946165
146,7.40232798089388
147,7.402219030976945
148,7.402116382454265
149,7.402019364792039
150,7.4019274096794865
151,7.401840031212124
152,7.401756810656789
153,7.401677384583256
154,7.401601435507435
155,7.401528684434162
156,7.401458884854865
157,7.401391817872241
158,7.401327288207202
159,7.40126512090317
160,7.401747112737169
161,7.4018201629739915
162,7.401896217810054
163,7.4019755304387775
164,7.402058388111639
165,7.402145118520585
166,7.402236097748789
167,7.402331760276268
168,7.389668882860123
169,7.387394266794685
170,7.386506862130418
171,7.385984456357827
172,7.3856387890024315
173,7.38540104926004
174,7.38523900816857
175,7.385135725261878
176,7.385082075719769
177,7.3850737031678095
178,7.385109796949735
179,7.385192881097466
180,7.385329489483508
181,7.385532144328399
182,7.385824106342335
183,7.386251740344756
184,7.386924681600001
185,7.388223345170422
186,7.402381154761695
187,7.402285517826707
188,7.402194794422783
189,7.4021085155643265
190,7.402026276558715
191,7.401947725754792
192,7.4018725556501295
193,7.401800495787442
194,7.401731307024901
195,7.401664776873276
196,7.401600715670102
197,7.401538953416794
198,7.401479337145452
199,7.40142172871237
200,7.401366002937836
201,7.4013120460290285
202,7.401259754235786
203,7.401732001257027
204,7.401794888445756
205,7.401859953106697
206,7.401927351203477
207,7.401997256305675
208,7.4020698623373224
209,7.402145386883589
210,7.402224075197458
211,7.402306205092124
212,7.402392092964964
213,7.388226275552064
214,7.387029862917995
215,7.386380470451209
216,7.3859561445672774
217,7.385657790149624
218,7.385442023197848
219,7.385286317350801
220,7.385177858201526
221,7.385109091614191
222,7.385075704845273
223,7.385075669090993
224,7.385108837360072
225,7.38517691662094
226,7.385283802426127
227,7.385436424151197
228,7.385646533445472
229,7.385934595493477
230,7.386339282158942
231,7.386945851823476
232,7.388009885880963
233,7.391791707891736
234,7.402322095307963
235,7.402241993714696
236,7.4021653772073615
237,7.402091961652626
238,7.40202149636914
239,7.401953759070716
240,7.401888551730412
241,7.401825697171323
242,7.401765036236054
243,7.401706425420838
244,7.4016497348857015
245,7.401594846771134
246,7.40154165376631
247,7.401490057885045
248,7.401439969414352
249,7.401391306007176
250,7.401343991896227
251,7.401297957210002
252,7.401253137375481
253,7.401714384406801
254,7.40176895399789
255,7.401825142689112
256,7.401883050231498
257,7.4019427859723494
258,7.402004470125103
259,7.402068235256474
260,7.40213422803705
261,7.402202611313438
262,7.402273566575527
263,7.402347296912886
264,7.3901193289697975
265,7.38785115447067
266,7.3869396281242015
267,7.386386539257608
268,7.386005117171328
269,7.385726295187527
270,7.385517018164704
271,7.385359090445841
272,7.38524163244943
273,7.385157843336245
274,7.385103438687222
275,7.385075843544878
276,7.385073772307853
277,7.385097037062357
278,7.385146520597914
279,7.385224305589744
280,7.3853340017593405
281,7.38548138807671
282,7.385675642044751
283,7.385931812540519
284,7.386276312642557
285,7.386761194242434
286,7.387512179981874
287,7.38900252372398
288,7.402374805648431
289,7.4023024371269965
290,7.402232919336024
291,7.40216604046523
292,7.402101611493095
293,7.402039463029391
294,7.401979442686294
295,7.401921412875377
296,7.401865248950253
297,7.401810837631771
298,7.401758075665708
299,7.401706868672942
0,0.6852644380730816
0,0.6660675054057339
1,0.6446648190945505
2,0.6252599025671751
3,0.6071219011441339
4,0.59048855863865
5,0.5750245604278624
6,0.5605659780564908
7,0.5470453579145144
8,0.5341364903376298
9,0.5221641787737477
10,0.5106798226709732
11,0.4999992596976725
12,0.4897173277110217
13,0.48008726818477965
14,0.47077360450597344
15,0.4619118421056566
16,0.4534650540964072
17,0.4454024247462185
18,0.4376935107246156
19,0.4304332637248031
20,0.4233432134069675
21,0.4166828153871138
22,0.41016662729380915
23,0.4039047421194008
24,0.3978858927186518
25,0.3920971861609146
26,0.3866168978640751
27,0.3812274348906156
28,0.37603922125974065
29,0.371115910660858
30,0.3663805112816695
31,0.36178513685931046
32,0.3573424540710402
33,0.3530261473100945
34,0.34878255241575806
35,0.34474562613542453
36,0.34077732253889464
37,0.33702849728211587
38,0.33333208826837085
39,0.32975346599372046
40,0.3263299617425013
41,0.32286666213157683
42,0.319688722759984
43,0.31642770497629075
44,0.3133713808989319
45,0.31027320912079787
46,0.3073829692534332
47,0.30459972390735224
48,0.3017416648364347
49,0.2990451620865166
50,0.29636627991259523
51,0.29378055280191456
52,0.2912631410201295
53,0.28880654501199293
54,0.2864604449784161
55,0.28405621049046614
56,0.2818500288624643
57,0.2795639458687003
58,0.27742730172508134
59,0.27529646999130364
60,0.27318750943973497
61,0.27116946065286185
62,0.26912403952608055
63,0.2667718451180681
64,0.264478396464037
65,0.26224169028462946
66,0.2600618361174931
67,0.25793201843524827
68,0.25585553738259825
69,0.2538257065471754
70,0.25184599815803516
71,0.2499098387993675
72,0.24802085591554152
73,0.24617257573476486
74,0.24436876565344612
75,0.24260304050138023
76,0.24087929374917122
77,0.23919121971835786
78,0.23754282528186538
79,0.23592787676175475
80,0.23435048281999382
81,0.23283087161647303
82,0.2313191721505698
83,0.229861677943432
84,0.22841093591658784
85,0.2270116799411336
86,0.22561971725787555
87,0.22427977243687666
88,0.22296355020644124
89,0.22164372925347026
90,0.22038329524919736
91,0.2191088674405689
92,0.21789325538428272
93,0.21669743476451242
94,0.21550095450943116
95,0.21435728405544657
96,0.21322023253330435
97,0.21208647609954895
98,0.21100367962089453
99,0.2099139817386638
100,0.208854894237975
101,0.20780272928491275
102,0.20678424949516136
103,0.20576768324284025
104,0.2047812319727999
105,0.20379900410848398
106,0.20283805252727313
107,0.2018926121767876
108,0.20097124764271487
109,0.20003067193925583
110,0.1991351548064133
111,0.19825072727337045
112,0.19738697715244982
113,0.19651891165317745
114,0.1956736474915526
115,0.1948345001879422
116,0.19402105779138515
117,0.19321091160542353
118,0.1924045249312805
119,0.191613855545048
120,0.19085754838019392
121,0.19009901780045724
122,0.18934490145812724
123,0.18860927165438995
124,0.18787451236554678
125,0.1871824482984004
126,0.18645607688294133
127,0.18576305183330258
128,0.18506277664595935
129,0.18439887962860768
130,0.18372328873866958
131,0.18305841290096214
132,0.18239070071502667
133,0.18176231244080984
134,0.18113328753114888
135,0.18051127572102538
136,0.17987948578813195
137,0.1792777683494831
138,0.1786737168807329
139,0.17806993069058957
140,0.17747286360488163
141,0.1769035542469436
142,0.1762030723517371
143,0.17564594803767503
144,0.17510638858286207
145,0.17456145985518268
146,0.17400866927491218
147,0.17349014430070955
148,0.17296688419431622
149,0.1723230062240465
150,0.1717991108484815
151,0.1713227510215594
152,0.17083813570010037
153,0.17034259903461765
154,0.169852956699584
155,0.16938394989735378
156,0.16887897358366682
157,0.16839760899703463
158,0.16791999142915018
159,0.16743532645393283
160,0.16687232459661513
161,0.16643432692579815
162,0.16596425524705885
163,0.16541145909778532
164,0.16496915616553853
165,0.16453541121743442
166,0.16408155163800064
167,0.1636902541036433
168,0.1631487642475693
169,0.1627618918885306
170,0.162354631883563
171,0.16195236828965878
172,0.16158401555326932
173,0.16119782255755488
174,0.1607824980997614
175,0.1604202019955978
176,0.159944350889393
177,0.15957529614568403
178,0.15921590523783774
179,0.1588448754832251
180,0.15849600464673613
181,0.1581403982830079
182,0.15780032679053294
183,0.1574630141378424
184,0.15702875571946642
185,0.15669482787234432
186,0.1563764994267735
187,0.15604881267795714
188,0.15573524772862846
189,0.15541088143821355
190,0.15510855263899462
191,0.1547174809407919
192,0.1544000987546063
193,0.1541071586046259
194,0.15382398958393836
195,0.15353682847798455
196,0.15324478769384664
197,0.15296777977240034
198,0.15267586626175061
199,0.15239276843383937
200,0.15210748197360996
201,0.15184794745819918
202,0.1514836403675193
203,0.15118318576352888
204,0.15090876349859056
205,0.15062370484347057
206,0.15035386378967092
207,0.15010265806735912
208,0.1498190888364195
209,0.14953904744145954
210,0.1492624714706921
211,0.1490167375635202
212,0.1487457616769211
213,0.14847808950172944
214,0.14821366407626727
215,0.14797717743004554
216,0.14771801108546218
217,0.14746194330469967
218,0.1472089219455749
219,0.14698118347540695
220,0.14673310739847864
221,0.14648794160423245
222,0.14624563823467338
223,0.14602618369852471
224,0.14578853621689916
225,0.14555362579820103
226,0.14532140841038751
227,0.14510980538152013
228,0.14488197646264794
229,0.14465672489259093
230,0.14443401007008363
231,0.1442369273532763
232,0.14401807308369433
233,0.14378713837515025
234,0.14357298915756084
235,0.14338209761926932
236,0.1431574206361056
237,0.14294910588641185
238,0.1427291287187057
239,0.14254414643373609
240,0.1423414432881232
241,0.14212730394355833
242,0.14190688315140626
243,0.14170999403644935
244,0.14149357583342748
245,0.1413003334415897
246,0.14108781335235426
247,0.14088493942441285
248,0.14067623482473912
249,0.14048990381309603
250,0.14028489991973392
251,0.14010194223642308
252,0.13990803611772554
253,0.13970712602929788
254,0.13952906258311204
255,0.13933163580376381
256,0.13917075775888033
257,0.1389767450568291
258,0.13879041801121816
259,0.13864550581726928
260,0.1384564005954275
261,0.13825672641381756
262,0.13807661991669867
263,0.1379061568929173
264,0.13772296830427708
265,0.13755610414647357
266,0.13737178954379414
267,0.13719964230753048
268,0.13706613009155855
269,0.13688611945337814
270,0.13673066326361816
271,0.13655411317427404
272,0.13642543433556922
273,0.1362959718812325
274,0.13615497306670551
275,0.13598661376971527
276,0.1358617568125094
277,0.13572729348778517
278,0.13559060551073318
279,0.13546882483651712
280,0.13533791435496087
281,0.1352551099344632
282,0.13509909303669976
283,0.13501772596931577
284,0.1348926103115464
285,0.13476611735733102
286,0.1346573601738523
287,0.13453208824427024
288,0.13445358952533779
289,0.13430085523376623
290,0.1341807484098329
291,0.1340595760457925
292,0.13398334702171436
293,0.13383084840430756
294,0.13372746231536722
295,0.1336530617962199
296,0.13355394687899375
297,0.13344067098300402
298,0.1333087810606911
299,0.1331983486255156
0,0.6888841847060095
1,0.6537090632019262
2,0.6229778747110437
3,0.5958105833598842
4,0.5714952378367516
5,0.5500843559121459
6,0.5305081236956825
7,0.5121860509838694
8,0.4957572304558832
9,0.4801647882610703
10,0.46575172475185567
11,0.45267518242711213
12,0.4401233428494051
13,0.42873311040513656
14,0.41769434734835226
15,0.40767393121659073
16,0.39791094569922986
17,0.3890219657586752
18,0.3802514901171247
19,0.3723129440597504
20,0.3647585924408165
21,0.357260898626463
22,0.35045397390391075
23,0.34368362917568906
24,0.33754705555540143
25,0.331310496484069
26,0.3258877837609893
27,0.32014988325946164
28,0.3148593663435927
29,0.3099370334370087
30,0.30494821076907414
31,0.3003844620810758
32,0.29607067958670247
33,0.29123802395846937
34,0.2866066878211073
35,0.2821707887967941
36,0.2779105648361509
37,0.27371902432228684
38,0.2696932778213993
39,0.2658276801531536
40,0.26210982335478067
41,0.25856481499706063
42,0.2551054115391803
43,0.2519852122318537
44,0.24875425211427085
45,0.2456734275343194
46,0.2426672278108722
47,0.23980848532079424
48,0.2370069719030934
49,0.2343040201956765
50,0.23171000515336188
51,0.22916934327505753
52,0.22674583466431533
53,0.22437684439674668
54,0.22212748236819405
55,0.2200481281101093
56,0.21791237975389335
57,0.21582080718343935
58,0.2138357144773842
59,0.21201523898770117
60,0.21021654985042915
61,0.20838318678810117
62,0.20659486016562018
63,0.20485679269379073
64,0.2032314409739642
65,0.2015942229715745
66,0.2001004080225159
67,0.19857219503473636
68,0.19710652135071013
69,0.1956607299307339
70,0.19421853763634103
71,0.19280992380057294
72,0.19144010261253622
73,0.1900955610682764
74,0.18880392474002222
75,0.18753398195203067
76,0.18628695351712285
77,0.1851285780387026
78,0.18396756423696375
79,0.18277071922456747
80,0.18170573328853665
81,0.18060000891172884
82,0.1794897297550446
83,0.1785021226613137
84,0.17749739070860185
85,0.17650668554480212
86,0.1755176237215716
87,0.17453199180080883
88,0.17357772255042916
89,0.17266763392077347
90,0.17184071532974995
91,0.17100315516200484
92,0.170216101543727
93,0.16939149795680158
94,0.16854733028815483
95,0.16773455298648565
96,0.1670067819802761
97,0.1662364724258973
98,0.16546208634496232
99,0.16477348512296994
100,0.16404345832484543
101,0.16332679632002214
102,0.1626219107757605
103,0.16199167190059277
104,0.16129826981843967
105,0.1606405501085882
106,0.16002054943040214
107,0.15945864796657255
108,0.15882605130833158
109,0.15817694733443385
110,0.1575638057518523
111,0.15702356924592525
112,0.15643497624411667
113,0.1559041387943067
114,0.15538372915694257
115,0.15481847171205776
116,0.15426747421665354
117,0.15377776309501234
118,0.15329190269416296
119,0.1527637842438177
120,0.15230008705758344
121,0.15178341058990508
122,0.15129649601079467
123,0.1508020674823001
124,0.15031139918395656
125,0.14982641800759217
126,0.14939803387952152
127,0.14891587579690396
128,0.14845012002135888
129,0.14804701463836642
130,0.14760959740020854
131,0.1471778793113562
132,0.1467408660559057
133,0.14635371678131687
134,0.1459275232090597
135,0.14551081471679747
136,0.14514980440767042
137,0.14476167542339421
138,0.14437439820992504
139,0.14397252522825077
140,0.14356817094926977
141,0.143194540096249
142,0.14286078089790494
143,0.1424871357975939
144,0.14214349175592042
145,0.14179384192110478
146,0.141414890039677
147,0.14109099672738368
148,0.14077860018163768
149,0.14046331983550656
150,0.14014663658793078
151,0.13983918321092798
152,0.1395763561852173
153,0.13926220232572695
154,0.13895133503935944
155,0.13865458523571056
156,0.13835451487460365
157,0.1380499472611259
158,0.137794262319414
159,0.13744339665788433
160,0.13709542616131956
161,0.13675597227689892
162,0.13648157382759005
163,0.13614946947071063
164,0.13582538566714986
165,0.13556344489227531
166,0.1352488724545248
167,0.1349950590570584
168,0.13473025637379
169,0.1344831963982936
170,0.13422528837807077
171,0.13398196328948075
172,0.13374557626332523
173,0.13349912943502745
174,0.1332662532682915
175,0.13304058100618638
176,0.1328043913825402
177,0.13258931244512287
178,0.13236956488923707
179,0.13214297877532616
180,0.13193560065372423
181,0.13171575858826123
182,0.13150656748865183
183,0.13124788703507703
184,0.13103426923778727
185,0.13078217498335676
186,0.13058867147009326
187,0.13038890171713388
188,0.13019238679717926
189,0.12999389356873417
190,0.12975613262817734
191,0.12957371062402193
192,0.1293433787812794
193,0.1291605744491341
194,0.1289374846757335
195,0.12876401076374175
196,0.12858602715906065
197,0.12844790455740507
198,0.12828195278406043
199,0.1280722744926844
200,0.12793858561050941
201,0.12780699966620357
202,0.12760371511643165
203,0.12744204411692361
204,0.12731404985336542
205,0.12711763265690015
206,0.12699232013905684
207,0.12683665676468345
208,0.1266449596801897
209,0.12648519924212004
210,0.12629746364083577
211,0.12617755894583926
212,0.12599428963256648
213,0.12580299514321286
214,0.1256866389447201
215,0.1255077829031277
216,0.12533218855349934
217,0.12515647509397193
218,0.12504300683717803
219,0.12489993772035368
220,0.12478868839235717
221,0.12462384702439155
222,0.12449571986940881
223,0.12433341120734158
224,0.12416631750615818
225,0.12405938127143709
226,0.12389816682747172
227,0.12373617739352702
228,0.12363044325832026
229,0.12351007349885147
230,0.12335625032572724
231,0.12319788662606128
232,0.12309694181266724
233,0.12300942520485847
234,0.12292297317119999
235,0.12277680584470874
236,0.1226770173875892
237,0.12260476496281023
238,0.12246198414393737
239,0.12236525931342493
240,0.12226849121762
241,0.1221554944014711
242,0.12200685221023695
243,0.12191221390540886
244,0.1218573059627386
245,0.12171676433736113
246,0.12160814550805898
247,0.12146282847974428
248,0.12135771527813063
249,0.12130498190245309
250,0.12121407393313822
251,0.12110876414438063
252,0.12100701178256544
253,0.12090334406062765
254,0.12076377449766153
255,0.12066424590684105
256,0.12061368405657447
257,0.120515732844394
258,0.12040496500568086
259,0.12030501877461637
260,0.12020929344534609
261,0.12016060045144167
262,0.12006636937175315
263,0.11995307465633588
264,0.11985670587317142
265,0.11972477740209102
266,0.11966521875048713
267,0.11957366859804745
268,0.11947955008767448
269,0.1193893557584999
270,0.11926087588345724
271,0.11919077234409843
272,0.11910236615428656
273,0.11899436287382112
274,0.11894911605722595
275,0.11886223663080844
276,0.11880159249252271
277,0.11867696946979708
278,0.11859189934731276
279,0.11851770584432178
280,0.11843409828377537
281,0.11837499590341817
282,0.11827156516286806
283,0.11818935330682814
284,0.11814617731067714
285,0.11806600744351893
286,0.11798552803477173
287,0.11794385825239052
288,0.11785860861456247
289,0.11776436268943834
290,0.11768644146900588
291,0.11759981122624123
292,0.11752323410168602
293,0.11744048015232064
294,0.11734435894584241
295,0.11726853052555486
296,0.11722480966225902
297,0.11714079918070208
298,0.117066500916642
299,0.11698597249601164
0,0.6926245362832916
1,0.4432750853573145
2,0.2993989587245172
3,0.20102378065530022
4,0.18290545551705928
5,0.13563607341607647
6,0.16349705344307713
7,0.33776083289791037
8,0.3497322178137585
9,0.4184938936507165
10,1.1242465931415824
11,1.5672790872247753
12,1.3929141604902493
13,1.5220165842306923
14,1.6811143241294817
15,1.7437658852902507
16,1.8709206773213096
17,1.6998778375867865
18,1.8147385519984445
19,1.7911354327971287
20,1.8603375791773256
21,2.0120746457889878
22,1.96812363149519
23,1.983013388946498
24,2.011418069097532
25,2.0439846562491204
26,2.1889253018932373
27,2.324501297890683
28,2.3681949616052393
29,2.4613961617919164
30,2.485881727292904
31,2.5078828434817653
32,2.540253189573148
33,2.5490506855122437
34,2.5979481279763545
35,2.603866244654416
36,2.631395560675368
37,2.6446962781458154
38,2.646127249835052
39,2.6443858104804265
40,2.645689897345336
41,2.64719494354933
42,2.6453877075359835
43,2.6468082080774704
44,2.6451085420872045
45,2.646451765253114
46,2.644863033964474
47,2.6461230255861428
48,2.644650862599952
49,2.6458317153693494
50,2.647175226665057
51,2.6456182495394414
52,2.646903807426701
53,2.645417131903595
54,2.6466490098873283
55,2.645232298521747
56,2.6464091449772447
57,2.645062688606269
58,2.6461900615624954
59,2.6449102802315063
60,2.64598664191983
61,2.6447762366916523
62,2.6457938219432693
63,2.6469543071525785
64,2.6456473578862036
65,2.6467697550175613
66,2.6455073317912077
67,2.6465937630874734
68,2.6453804249981068
69,2.646429261942458
70,2.645259222357964
71,2.646276542921031
72,2.645144310477843
73,2.646130255649205
74,2.6450463195626703
75,2.6459899372802145
76,2.64495208094641
77,2.6458551712080975
78,2.646880240056067
79,2.6457503226942616
80,2.6467490533250215
81,2.645650233033699
82,2.646624279481401
83,2.645557963208701
84,2.6465084404359573
85,2.6454687036100775
86,2.6463965733698127
87,2.6453822830200995
88,2.6462884420787134
89,2.6453021284922618
90,2.646183830041758
91,2.6452310362844673
92,2.646082538346466
93,2.6451620734348853
94,2.6459843838749415
95,2.64690661868612
96,2.6459067404548073
97,2.6468100099232608
98,2.6458312772415153
99,2.646720804651935
100,2.645762010163886
101,2.646634258702825
102,2.6456945603841198
103,2.646550099253362
104,2.6456288435755506
105,2.646468210721621
106,2.6455647809635456
107,2.6463884854326007
108,2.645502298858855
109,2.6463108229285095
110,2.64544777158255
111,2.64623512935147
112,2.6453957175419855
113,2.646161316889805
114,2.645344889848258
115,2.6460893032803168
116,2.6452952377278867
117,2.646019011359997
118,2.646837444743234
119,2.6459637994030394
120,2.6467711752704903
121,2.6459116941019536
122,2.6467064022805142
123,2.6458606887965592
124,2.646643065810347
125,2.6458107419314434
126,2.64658110931083
127,2.6457618141942256
128,2.6465204793973895
129,2.6457138683599197
130,2.6464611256228516
131,2.6456668691483736
132,2.6464030002699905
133,2.6456242595158916
134,2.646346058161833
135,2.6455847660749265
136,2.6462902564879336
137,2.6455460245464284
138,2.646235554645054
139,2.6455080094714014
140,2.646181914090855
141,2.6454706966250794
142,2.6461294310464964
143,2.646873379805582
144,2.646089143828446
145,2.6468234933103716
146,2.6460495556709644
147,2.646774516078056
148,2.646010644656526
149,2.6467264184337536
150,2.6459723898544416
151,2.6466791720859337
152,2.645934771263461
153,2.646632750043328
154,2.645897769758438
155,2.646587126537902
156,2.6458613670407267
157,2.6465422769533875
158,2.645825545591995
159,2.6464981777588856
160,2.6457911987332516
161,2.6464548064471334
162,2.645760907475705
163,2.6464121414770427
164,2.645731086231606
165,2.6463701622201645
166,2.6457017218993664
167,2.646328848910769
168,2.6456728019026823
169,2.6462881825992515
170,2.6456443141632775
171,2.646249569666449
172,2.6456162470753655
173,2.6462123951610312
174,2.6455885894817137
175,2.6461757839236255
176,2.64683916680161
177,2.6461457212090322
178,2.6468021620643865
179,2.6461160744741354
180,2.6467656944620077
181,2.646086833229992
182,2.6467297499211213
183,2.6460579873693373
184,2.64669431489755
185,2.6460295271485674
186,2.6466593763505486
187,2.6460014431707513
188,2.6466249217185855
189,2.645973726369625
190,2.6465909388965514
191,2.645946367994478
192,2.646557416214289
193,2.645921796423346
194,2.646524342416357
195,2.645898553355149
196,2.646491706642941
197,2.645875604230337
198,2.6464594984118475
199,2.6458529423131023
200,2.6464277076014846
201,2.645830561090518
202,2.6463969284156135
203,2.64580845426296
204,2.6463677252544158
205,2.6457866157350254
206,2.646338890404559
207,2.645765039606936
208,2.6463104154893804
209,2.6457437201663745
210,2.646282292406193
211,2.645722651880745
212,2.6462545133146653
213,2.6468541836997055
214,2.646231501020109
215,2.6468259931884908
216,2.6462087477313223
217,2.6467981352066725
218,2.646186248097616
219,2.646770602625321
220,2.6461639969284207
221,2.646743388535632
222,2.6461419891870426
223,2.6467164862401145
224,2.646120219984729
225,2.6466898892441963
226,2.6460986845750045
227,2.646663591248245
228,2.6460773783482825
229,2.646637586139968
230,2.6460584468572246
231,2.646611867987182
232,2.6460402871682662
233,2.646586431030919
234,2.6460223173824207
235,2.6465612696788567
236,2.6460045338741844
237,2.6465363784990528
238,2.645986933118314
239,2.6465130708018005
240,2.645969511686216
241,2.646490116827355
242,2.6459522662424972
243,2.6464674038788023
244,2.6459351935416597
245,2.6464449273616077
246,2.6459182904249463
247,2.6464226828075477
248,2.6459015538173207
249,2.6464006658702015
250,2.6458849807245723
251,2.6463788723206316
252,2.6458685682305494
253,2.6463572980432586
254,2.645852313494508
255,2.6463359390319106
256,2.6458362137485647
257,2.6463147913860405
258,2.646854930613719
259,2.6462971275455134
260,2.646833395325325
261,2.6462796255999605
262,2.6468120666763904
263,2.646262282808554
264,2.6467909410410937
265,2.6462450964978896
266,2.646770014885537
267,2.6462280640598275
268,2.6467492847647125
269,2.646211182949406
270,2.646728747319594
271,2.6461952994342752
272,2.6467083992743428
273,2.6461808803537346
274,2.6466882374336262
275,2.6461665876186906
276,2.6466682586800445
277,2.6461524191946517
278,2.64664889941029
279,2.6461383730947077
280,2.646630423890723
281,2.6461244473780723
282,2.646612113039323
283,2.6461106401486907
284,2.6465939641761316
285,2.646096949553891
286,2.646575974684239
287,2.646083373783089
288,2.646558142007856
289,2.646069911066536
290,2.6465404636504517
291,2.6460565596741232
292,2.6465229371729695
293,2.646043317914215
294,2.646505560192098
295,2.6460301841325373
296,2.6464883303786157
297,2.646017156711095
298,2.6464712454557904
299,2.646004234067135
0,0.7176599676238992
1,0.4221461562083871
2,0.2916180999227531
3,0.22618127935601975
4,0.19068228927315417
5,0.17082671166144814
6,0.16400218744080547
7,0.15978743386269176
8,0.1577766456594034
9,0.15721296982322508
10,0.1569271702397998
11,0.1567734394648611
12,0.1566873638649546
13,0.15663794663260697
14,0.15660914044646407
15,0.15659219227698737
16,0.1565821630465359
17,0.1542805502494117
18,0.154236978396999
19,0.15423128929653904
20,0.15423408170649958
21,0.15423766422304966
22,0.1542403880270807
23,0.15424216749840577
24,0.1542432582985688
25,0.15424390540539268
26,0.1542442823626858
27,0.15424449964490858
28,0.1542446241122568
29,0.15424469515126618
30,0.15424473561090912
31,0.15424475862780526
32,0.15424477171454481
33,0.15424477915400261
34,0.1542447833834375
35,0.1542447857884867
36,0.15424478715656967
37,0.1542447879351073
38,0.15424478837835667
39,0.1542447886308414
40,0.15424478877473913
41,0.15424478885679607
42,0.15424478890361584
43,0.15424478893034618
44,0.15424478894561652
45,0.1542447889543456
46,0.15424478895933869
47,0.15424478896219673
48,0.15424478896383376
49,0.15424478896477203
50,0.15424478896531027
51,0.1542447889656192
52,0.15424478896579666
53,0.1542447889658987
54,0.15424478896595734
55,0.15424478896599117
56,0.1542447889660106
57,0.15424478896602184
58,0.15424478896602833
59,0.15424478896603205
60,0.15424478896603422
61,0.15424478896603547
62,0.15424478896603622
63,0.1542447889660366
64,0.15424478896603686
65,0.15424478896603702
66,0.1542447889660371
67,0.1542447889660371
68,0.15424478896603716
69,0.1542447889660372
70,0.15424478896603716
71,0.1542447889660372
72,0.15424478896603716
73,0.1542447889660372
74,0.15424478896603716
75,0.1542447889660372
76,0.1542447889660372
77,0.1542447889660372
78,0.1542447889660372
79,0.15424478896603716
80,0.15424478896603716
81,0.1542447889660372
82,0.1542447889660372
83,0.1542447889660372
84,0.1542447889660372
85,0.1542447889660372
86,0.1542447889660372
87,0.1542447889660372
88,0.1542447889660372
89,0.1542447889660372
90,0.1542447889660372
91,0.1542447889660372
92,0.1542447889660372
93,0.1542447889660372
94,0.1542447889660372
95,0.1542447889660372
96,0.1542447889660372
97,0.1542447889660372
98,0.1542447889660372
99,0.1542447889660372
100,0.1542447889660372
101,0.1542447889660372
102,0.1542447889660372
103,0.1542447889660372
104,0.1542447889660372
105,0.1542447889660372
106,0.1542447889660372
107,0.1542447889660372
108,0.1542447889660372
109,0.1542447889660372
110,0.1542447889660372
111,0.1542447889660372
112,0.1542447889660372
113,0.1542447889660372
114,0.1542447889660372
115,0.1542447889660372
116,0.1542447889660372
117,0.1542447889660372
118,0.1542447889660372
119,0.1542447889660372
120,0.1542447889660372
121,0.1542447889660372
122,0.1542447889660372
123,0.1542447889660372
124,0.1542447889660372
125,0.1542447889660372
126,0.1542447889660372
127,0.1542447889660372
128,0.1542447889660372
129,0.1542447889660372
130,0.1542447889660372
131,0.1542447889660372
132,0.1542447889660372
133,0.1542447889660372
134,0.1542447889660372
135,0.1542447889660372
136,0.1542447889660372
137,0.1542447889660372
138,0.1542447889660372
139,0.1542447889660372
140,0.1542447889660372
141,0.1542447889660372
142,0.1542447889660372
143,0.1542447889660372
144,0.1542447889660372
145,0.1542447889660372
146,0.1542447889660372
147,0.1542447889660372
148,0.1542447889660372
149,0.1542447889660372
150,0.1542447889660372
151,0.1542447889660372
152,0.1542447889660372
153,0.1542447889660372
154,0.1542447889660372
155,0.1542447889660372
156,0.1542447889660372
157,0.1542447889660372
158,0.1542447889660372
159,0.1542447889660372
160,0.1542447889660372
161,0.1542447889660372
162,0.1542447889660372
163,0.1542447889660372
164,0.1542447889660372
165,0.1542447889660372
166,0.1542447889660372
167,0.1542447889660372
168,0.1542447889660372
169,0.1542447889660372
170,0.1542447889660372
171,0.1542447889660372
172,0.1542447889660372
173,0.1542447889660372
174,0.1542447889660372
175,0.1542447889660372
176,0.1542447889660372
177,0.1542447889660372
178,0.1542447889660372
179,0.1542447889660372
180,0.1542447889660372
181,0.1542447889660372
182,0.1542447889660372
183,0.1542447889660372
184,0.1542447889660372
185,0.1542447889660372
186,0.1542447889660372
187,0.1542447889660372
188,0.1542447889660372
189,0.1542447889660372
190,0.1542447889660372
191,0.1542447889660372
192,0.1542447889660372
193,0.1542447889660372
194,0.1542447889660372
195,0.1542447889660372
196,0.1542447889660372
197,0.1542447889660372
198,0.1542447889660372
199,0.1542447889660372
200,0.1542447889660372
201,0.1542447889660372
202,0.1542447889660372
203,0.1542447889660372
204,0.1542447889660372
205,0.1542447889660372
206,0.1542447889660372
207,0.1542447889660372
208,0.1542447889660372
209,0.1542447889660372
210,0.1542447889660372
211,0.1542447889660372
212,0.1542447889660372
213,0.1542447889660372
214,0.1542447889660372
215,0.1542447889660372
216,0.1542447889660372
217,0.1542447889660372
218,0.1542447889660372
219,0.1542447889660372
220,0.1542447889660372
221,0.1542447889660372
222,0.1542447889660372
223,0.1542447889660372
224,0.1542447889660372
225,0.1542447889660372
226,0.1542447889660372
227,0.1542447889660372
228,0.1542447889660372
229,0.1542447889660372
230,0.1542447889660372
231,0.1542447889660372
232,0.1542447889660372
233,0.1542447889660372
234,0.1542447889660372
235,0.1542447889660372
236,0.1542447889660372
237,0.1542447889660372
238,0.1542447889660372
239,0.1542447889660372
240,0.1542447889660372
241,0.1542447889660372
242,0.1542447889660372
243,0.1542447889660372
244,0.1542447889660372
245,0.1542447889660372
246,0.1542447889660372
247,0.1542447889660372
248,0.1542447889660372
249,0.1542447889660372
250,0.1542447889660372
251,0.1542447889660372
252,0.1542447889660372
253,0.1542447889660372
254,0.1542447889660372
255,0.1542447889660372
256,0.1542447889660372
257,0.1542447889660372
258,0.1542447889660372
259,0.1542447889660372
260,0.1542447889660372
261,0.1542447889660372
262,0.1542447889660372
263,0.1542447889660372
264,0.1542447889660372
265,0.1542447889660372
266,0.1542447889660372
267,0.1542447889660372
268,0.1542447889660372
269,0.1542447889660372
270,0.1542447889660372
271,0.1542447889660372
272,0.1542447889660372
273,0.1542447889660372
274,0.1542447889660372
275,0.1542447889660372
276,0.1542447889660372
277,0.1542447889660372
278,0.1542447889660372
279,0.1542447889660372
280,0.1542447889660372
281,0.1542447889660372
282,0.1542447889660372
283,0.1542447889660372
284,0.1542447889660372
285,0.1542447889660372
286,0.1542447889660372
287,0.1542447889660372
288,0.1542447889660372
289,0.1542447889660372
290,0.1542447889660372
291,0.1542447889660372
292,0.1542447889660372
293,0.1542447889660372
294,0.1542447889660372
295,0.1542447889660372
296,0.1542447889660372
297,0.1542447889660372
298,0.1542447889660372
299,0.1542447889660372
0,0.7369561262270474
1,0.7008383520084425
2,0.667702876333039
3,0.6372255572745614
4,0.6090783954666587
5,0.5830402808456389
6,0.55887021205014
7,0.5364123036584705
8,0.5154832770836641
9,0.4959696833826981
10,0.47772774599923423
11,0.4606671824149801
12,0.4446653061984053
13,0.42953621110125506
14,0.41543251945811693
15,0.4021896085174019
16,0.38959293140596646
17,0.37786493582576236
18,0.3668199788489134
19,0.35627512326001315
20,0.3464599571964837
21,0.3371865604758466
22,0.3283365072605437
23,0.3200990166168246
24,0.3122887386239754
25,0.3048346419452209
26,0.2978960245138992
27,0.29130948543172497
28,0.28501149150587196
29,0.2791286541850759
30,0.2735008675671598
31,0.2682743725361242
32,0.26329750155547604
33,0.2585406659668629
34,0.25412993372271064
35,0.24994649967499488
36,0.24594517007897662
37,0.24224743463139284
38,0.23872247331382423
39,0.2353469515748464
40,0.23222777872401276
41,0.22903978261971805
42,0.22551358693567977
43,0.22287685922348968
44,0.2202799069289369
45,0.21792847538458204
46,0.21550514678728444
47,0.21337448756149874
48,0.21057802594184655
49,0.2087017429347285
50,0.20689511831032908
51,0.20503236689062312
52,0.20345467489352403
53,0.20193351225327003
54,0.1997162593487681
55,0.19838628338389624
56,0.19713112357101034
57,0.19572953531464143
58,0.19455422087810587
59,0.19350233959424928
60,0.19250996875577886
61,0.1907910231441804
62,0.18984789097858015
63,0.18901211060887838
64,0.18801453926153092
65,0.18727178326582167
66,0.18657093121305746
67,0.18585904116935145
68,0.18523658457704587
69,0.18461588512477212
70,0.1831471513485759
71,0.18262229442369735
72,0.18212663926902242
73,0.18157629595064267
74,0.18113562801143482
75,0.18072051970716083
76,0.1803286524090446
77,0.17995943110271553
78,0.17952942219351037
79,0.17904314889513423
80,0.1787320015074336
81,0.17816302321738733
82,0.17788390862578818
83,0.1768678289766615
84,0.17658431118063317
85,0.1763474146390327
86,0.17612362283138863
87,0.17588080461280747
88,0.17568059546174952
89,0.17544606883855207
90,0.17526634385458925
91,0.1750962852888839
92,0.17475901528054325
93,0.17460632321881975
94,0.17446168030366632
95,0.17407633392438637
96,0.17394499131573393
97,0.1737904463209768
98,0.17367219414010884
99,0.1735599479416609
100,0.17345295429253985
101,0.17335132621405389
102,0.17325436562759203
103,0.17311910598183083
104,0.1730309160184695
105,0.17294718927037786
106,0.1728670134220987
107,0.172761165931137
108,0.170842437693261
109,0.170666164514459
110,0.17062728965795035
111,0.17059038835652532
112,0.17055538965586003
113,0.17048022055549497
114,0.17044826315431463
115,0.1701936926070663
116,0.1701638385820403
117,0.17013509344163963
118,0.17010775970027844
119,0.17008140890900583
120,0.16980708353486954
121,0.1697822135070227
122,0.16975852954214204
123,0.169735748622197
124,0.16971404015257588
125,0.1696931388596303
126,0.16967320927418955
127,0.16965400236194747
128,0.16963567764270557
129,0.16961800098087887
130,0.16956030785202078
131,0.16954407147156017
132,0.1695285639125824
133,0.16951357749508683
134,0.1694992565507653
135,0.1694854050591759
136,0.1694721622834882
137,0.1694593430011943
138,0.1694470814783958
139,0.16943520251395444
140,0.16942383546818568
141,0.16937311632601287
142,0.16936268696386328
143,0.16935256566020432
144,0.16911264830316733
145,0.16910271130941842
146,0.1690931915838072
147,0.16887334587914626
148,0.16886396228891315
149,0.1688548511855177
150,0.16884611752546955
151,0.16883763197384152
152,0.16882949548570647
153,0.16882158512279824
154,0.16881399796339233
155,0.1688066170814159
156,0.16879953580397541
157,0.16879264286302267
158,0.16878602796007003
159,0.16877958515811411
160,0.16877340065776258
161,0.1687673735505394
162,0.16876158665929247
163,0.16875594382362344
164,0.16875052460970516
165,0.16874523734472718
166,0.1687401584568148
167,0.16873520051835458
168,0.16873043693529377
169,0.16872578429927995
170,0.16872131310697175
171,0.16871694375833748
172,0.16871274395050054
173,0.16870863769450897
174,0.16870468999446384
175,0.16870082828779598
176,0.1686971149887954
177,0.16869348078809066
178,0.16868998561004342
179,0.16868656323588246
180,0.16868327119659599
181,0.168680046211173
182,0.1686769435104783
183,0.16867390260743104
184,0.16867097652275787
185,0.16866810742781482
186,0.16866534621996424
187,0.16866263760123162
188,0.1686600304292426
189,0.1686574718160981
190,0.16861597249309945
191,0.16861376314800247
192,0.16861163471192123
193,0.1686095391692145
194,0.16860752010048896
195,0.16860553154360164
196,0.16860361531241563
197,0.1686017274046318
198,0.16859990793915994
199,0.16859811478470316
200,0.16859638643411548
201,0.1685946825427744
202,0.16859304004359152
203,0.16859142029852942
204,0.16858985874399296
205,0.16858831837242463
206,0.1685868331845847
207,0.168585367731039
208,0.16858395463529222
209,0.16858255993720858
210,0.16858121493905046
211,0.16857988710448488
212,0.1685786092551401
213,0.1685773472952428
214,0.168576130042661
215,0.1685749276314349
216,0.1685737677203344
217,0.16857262168819864
218,0.16857151607404686
219,0.16857042344765458
220,0.16856936927384192
221,0.16856832726196244
222,0.1685673218463252
223,0.16856632782687578
224,0.16856536864931296
225,0.16856442015743683
226,0.16856350484852306
227,0.16856259956562136
228,0.1685617258961275
229,0.16856086163976008
230,0.16856002751100202
231,0.16855920222558166
232,0.168558405660525
233,0.1685576174087363
234,0.16855685654379113
235,0.16855610349867145
236,0.16855537657611905
237,0.16855465701374484
238,0.1685539623747413
239,0.1685532746674692
240,0.16855261074557817
241,0.16855195335579357
242,0.16855131867100354
243,0.16855069014533453
244,0.16855008329852006
245,0.16854948226247848
246,0.16854890193026914
247,0.1685483270832834
248,0.16854777201330673
249,0.16854722212411447
250,0.1685466911305828
251,0.16854616503295436
252,0.16854565699256752
253,0.1685451535813336
254,0.1685446674294725
255,0.16854418565683185
256,0.1685437203840194
257,0.16854325925610453
258,0.16854281390471326
259,0.16854237247839335
260,0.16854194613958004
261,0.16854152351948337
262,0.1685411153303333
263,0.16854071066607162
264,0.16854031980693618
265,0.16853993229051561
266,0.16853955798252865
267,0.16853918684593355
268,0.16853882834869227
269,0.16853847286162793
270,0.1685381294710271
271,0.16853778893881022
272,0.16853745998501682
273,0.16853713374660267
274,0.16853681859216182
275,0.16853650601829764
276,0.16853620405635938
277,0.16853590454785491
278,0.16853561520051333
279,0.16853532818662054
280,0.16853505090335694
281,0.16853477584024998
282,0.16853451009647308
283,0.16853424646582257
284,0.16853399176149794
285,0.16853373906913208
286,0.16853349492749556
287,0.16853325270214203
288,0.1685330186684906
289,0.1685327864605942
290,0.16853256210114906
291,0.16853233948175922
292,0.16853212438259604
293,0.16853191094231987
294,0.16853170470836218
295,0.16853150005637832
296,0.1685313023104489
297,0.16853110607357832
298,0.16853091645550533
299,0.16853072827733526
0,0.7319252701407758
1,0.7266071672467557
2,0.7213353698326319
3,0.7161102446166414
4,0.7109300772585291
5,0.7057952564070933
6,0.7007041080404416
7,0.6956570419560002
8,0.6906524226008414
9,0.6856906793854501
10,0.6807702127059835
11,0.6758914710020755
12,0.6710528890389358
13,0.6662549329855345
14,0.6614960697205406
15,0.656776782757861
16,0.6520955697079606
17,0.6474529303483767
18,0.6428473910059271
19,0.6382794674828504
20,0.6337477136356127
21,0.6292526603902467
22,0.6247928873103474
23,0.6203689403642231
24,0.6159794237760354
25,0.6116248978325749
26,0.6073039897776574
27,0.6030172742522353
28,0.5987604340629519
29,0.5945369740016268
30,0.5903483461107553
31,0.5861895798429462
32,0.5820621610507021
33,0.5779693665488906
34,0.5739045736143262
35,0.5698710867550124
36,0.5658701716605871
37,0.5618973833077648
38,0.557956522608444
39,0.5540431516819733
40,0.5501611655774233
41,0.5463061366258681
42,0.5424793976093525
43,0.5386840526407374
44,0.5349140415058605
45,0.5311724979414278
46,0.5274605167504658
47,0.5237742156617473
48,0.5201147175895366
49,0.5164849210473081
50,0.5128815183520794
51,0.5093029311703331
52,0.505750296736416
53,0.5022265330656166
54,0.49872617057167146
55,0.49525216157316054
56,0.4918053936813399
57,0.48837505287215505
58,0.48497895414633757
59,0.4815990132873669
60,0.4782510416597682
61,0.47492851707080685
62,0.4716227123068574
63,0.4683512616243306
64,0.46509457301261403
65,0.46187201496796554
66,0.4586640571579691
67,0.4554900491740748
68,0.45233051921222095
69,0.44920480499944593
70,0.4460934902121871
71,0.44301432783096756
72,0.43995881512553037
73,0.4369202287517343
74,0.4339142182656192
75,0.43092379544092685
76,0.427966016323328
77,0.42502396696525196
78,0.4221147105031876
79,0.41922141230960236
80,0.4163611535636106
81,0.4135249979174237
82,0.41070540571331293
83,0.4079206335381883
84,0.4051517135638028
85,0.40241709458725566
86,0.39970927924192357
87,0.39701950585433526
88,0.39436543843063404
89,0.39173051638563616
90,0.38913157462591585
91,0.3865543188570203
92,0.3840155308845245
93,0.38149951914229757
94,0.3790242796774089
95,0.3765745504486591
96,0.3741680343962069
97,0.37180072493213046
98,0.3694640076444463
99,0.36718045707272823
100,0.36493454720402463
101,0.36275011426549764
102,0.36035575465112385
103,0.35828646385486584
104,0.3560209964160346
105,0.35411347092435863
106,0.35204597904372964
107,0.35040801063928295
108,0.34873101982745613
109,0.3477099248513963
110,0.3472861840635698
111,0.3514862905677713
112,0.36519158998561146
113,0.36373782232316143
114,0.36201625145364746
115,0.3605892453655592
116,0.35888765384616267
117,0.3574965104072287
118,0.35580557732740054
119,0.3544418572552047
120,0.35277048740151506
121,0.3514344552052867
122,0.3497825900290796
123,0.34847469716421764
124,0.3468423076752622
125,0.34556314091672885
126,0.34395030895199075
127,0.342700291627838
128,0.3411162787155421
129,0.33988715726375524
130,0.3383225735887285
131,0.3371241966830745
132,0.3355793794319357
133,0.3340420838181056
134,0.33300458262063865
135,0.33157936898664186
136,0.3305851312150541
137,0.3291800518260785
138,0.3282190027698646
139,0.32684430230844375
140,0.32590783826751596
141,0.3245538280674559
142,0.32365319337168164
143,0.32232112281912584
144,0.32145823890971553
145,0.3201490328570507
146,0.31932615174295237
147,0.31804097587707636
148,0.31681500577876964
149,0.31562587326031794
150,0.31446390141631947
151,0.31371867654865465
152,0.3125996998211972
153,0.31150356726725403
154,0.31045214217100997
155,0.30942985930057165
156,0.30845917737833356
157,0.3075262854209198
158,0.30665618691404806
159,0.3058385057777327
160,0.30510343071854723
161,0.3046330007780817
162,0.30404001173618855
163,0.3035722296437464
164,0.3032660712366339
165,0.3032240036301769
166,0.3035997594302307
167,0.3049292047062871
168,0.31166045668503134
169,0.3248237020400567
170,0.3249477757780164
171,0.3243987998683721
172,0.32403151183968476
173,0.3239600467347506
174,0.3244615800798627
175,0.326658791326852
176,0.34223686073000875
177,0.34106364008818496
178,0.33985575568763393
179,0.3386907790458732
180,0.33749858998753934
181,0.33627842603752106
182,0.3350925661506501
183,0.3341041969747556
184,0.33298665260769045
185,0.33174942769494736
186,0.330648980747949
187,0.32942905293238545
188,0.32834566037349144
189,0.3274542247025178
190,0.32625414462200686
191,0.3251910699828829
192,0.32400855006564916
193,0.3229628572488079
194,0.3217979674655985
195,0.320934598152275
196,0.319783005478065
197,0.31876640795610395
198,0.31763294317188684
199,0.3166344265121261
200,0.3155193179184221
201,0.31469968854145297
202,0.31371152430362087
203,0.312619401187555
204,0.31166269116988043
205,0.3105900202430989
206,0.3098018931431494
207,0.30879487179678416
208,0.3078099566820309
209,0.3068243422834038
210,0.30587252763627754
211,0.305018081787463
212,0.30409027635404673
213,0.3033295268867256
214,0.302387819907669
215,0.30166319546288334
216,0.3007119258669759
217,0.30001187576577276
218,0.2991153923564283
219,0.2984421454705225
220,0.2975385343719903
221,0.2968806291814829
222,0.2960759075730767
223,0.29539193144276404
224,0.2946505575832508
225,0.2940030846017595
226,0.2932487658103622
227,0.29257906478587437
228,0.2918679412626276
229,0.2911798115517868
230,0.29044284153128924
231,0.28976199326588337
232,0.2890697305766265
233,0.2884038057229013
234,0.28776508092429726
235,0.2874119186326035
236,0.28688644722636264
237,0.2863568010491565
238,0.2858875737824027
239,0.2855228607378373
240,0.2852522722724917
241,0.28516185323577387
242,0.28490137882138833
243,0.2851467763063031
244,0.2854273531271745
245,0.28606390724420433
246,0.287252704015875
247,0.29017257551758596
248,0.3068614971626122
249,0.3183035865952262
250,0.31823451160542615
251,0.31813057688772073
252,0.31811421693004294
253,0.318013399236332
254,0.3180007513546131
255,0.3181853266734908
256,0.31813934884734524
257,0.31808633873110315
258,0.317987748257925
259,0.31799377826655817
260,0.31795333800653836
261,0.3179526498565998
262,0.3178610658788402
263,0.31781769863434933
264,0.3177316378077967
265,0.31794102562490384
266,0.31771874286595875
267,0.3176463367881861
268,0.3176001784550958
269,0.31753371647979256
270,0.3176021024332197
271,0.31758384167247633
272,0.31754203450214025
273,0.3174838992364579
274,0.3177134760651935
275,0.31743152335231717
276,0.31766834644593195
277,0.3175214179308319
278,0.3177240238340373
279,0.31768297063427786
280,0.3177042827092849
281,0.31797708745680686
282,0.3177672379026087
283,0.3177366384948224
284,0.3177059071429356
285,0.31768169124709217
286,0.31800747106355515
287,0.31814681613441553
288,0.31812374074945754
289,0.31782766745147284
290,0.3180905518501818
291,0.3179023955057171
292,0.3182585579348402
293,0.3179570244549224
294,0.31810545683400493
295,0.31815286967631967
296,0.3182505758645049
297,0.3181235372089685
298,0.31818084113100054
299,0.3185378022694795
0,0.7421303994514445
1,0.7362780741862729
2,0.7304815381321516
3,0.7247399241587553
4,0.7190523873930561
5,0.7134181045349431
6,0.7078362732017776
7,0.7023061113005632
8,0.6968268564265021
9,0.6913977652867639
10,0.68601811314838
11,0.6806871933092303
12,0.6754043165911566
13,0.6701688108542918
14,0.6649800205317552
15,0.6598373061839082
16,0.6547400440714237
17,0.6496876257464651
18,0.6446794576613165
19,0.6397149607938538
20,0.6347935702892847
21,0.6299147351176266
22,0.6250779177464354
23,0.6202825938283278
24,0.6155282519028938
25,0.610814393112607
26,0.6061405309324105
27,0.601506190912658
28,0.596910910435156
29,0.5923542384820685
30,0.587835735417494
31,0.5833549727815583
32,0.5789115330969093
33,0.5745050096875329
34,0.5701350065098614
35,0.5658011379961809
36,0.5615030289103988
37,0.5572403142162762
38,0.553012638958287
39,0.5488196581553274
40,0.5446610367075534
41,0.5405364493167034
42,0.5364455804203373
43,0.5323881241405005
44,0.5283637842474317
45,0.5243722741390268
46,0.5204133168368946
47,0.5164790121174342
48,0.5125840538408427
49,0.508713529122494
50,0.5048815840876175
51,0.5010738872411576
52,0.49730404821088026
53,0.4935583068319863
54,0.489849747112734
55,0.48616517096206174
56,0.48251125704515085
57,0.4788930376109838
58,0.47529923382089573
59,0.47174063104066655
60,0.4682063732605945
61,0.46470687214386064
62,0.46123172087691666
63,0.4577908851628774
64,0.45437448465082303
65,0.4509920215751124
66,0.44763413909018057
67,0.4443098864679493
68,0.44101042928298523
69,0.43774437513503645
70,0.4345034133451897
71,0.43129572247764447
72,0.42811352016075604
73,0.4249645707932658
74,0.42184162939815123
75,0.41875206475859733
76,0.4156891850078771
77,0.41265998799096226
78,0.4096583608564169
79,0.4066909656393947
80,0.4037523109291261
81,0.40084877656297874
82,0.397975563435041
83,0.3951388571355588
84,0.39233467420755375
85,0.3895691619949474
86,0.3868393813251072
87,0.38414934852656185
88,0.38150482411180375
89,0.37871930809491855
90,0.3761662159898661
91,0.3734797572447981
92,0.3710451781314394
93,0.36849814340155573
94,0.36624662369156263
95,0.3639523825820305
96,0.3621171721506603
97,0.36073601634012115
98,0.3689484758525704
99,0.36706141644946194
100,0.3653979443225456
101,0.3635506624382593
102,0.36193115188206065
103,0.3601253884411442
104,0.35855169453459956
105,0.356803905389108
106,0.35531661412095034
107,0.353650094056252
108,0.35221343481110684
109,0.35059644660622175
110,0.3492141223144903
111,0.34765124388298174
112,0.3463279795670983
113,0.3448252706543026
114,0.3435675536993977
115,0.3421328514123179
116,0.34094917361350946
117,0.33959354657774893
118,0.3384957686761128
119,0.33724555198201106
120,0.33629231758473316
121,0.3351812623169587
122,0.33435779465489296
123,0.33340317911873946
124,0.33275550136851384
125,0.3320261784945263
126,0.33164628774490057
127,0.3312952389211377
128,0.3314394913390286
129,0.33208121631530535
130,0.3364762852134296
131,0.34236344099217814
132,0.3427901598529677
133,0.3441731994219074
134,0.34691270075149866
135,0.3644105432994249
136,0.3871379776412813
137,0.3856750518971656
138,0.38460543965922245
139,0.38315679219065235
140,0.3821161103773537
141,0.3806422456269142
142,0.37961780875873097
143,0.37815802215903144
144,0.3771769780654617
145,0.3757588028488944
146,0.37475746329076415
147,0.37337594618975034
148,0.37240726739424546
149,0.37101511545348814
150,0.37013044964579783
151,0.3687242499635955
152,0.3678504293507567
153,0.36645733798156727
154,0.36564279733896626
155,0.3642990802482045
156,0.3634723083040752
157,0.36215405440184484
158,0.36139256429495
159,0.3600371184037245
160,0.3593403849780845
161,0.3579974701169254
162,0.3573205533251814
163,0.3559898591382232
164,0.3553827831949268
165,0.35405554785871285
166,0.35274308163316825
167,0.35216837032528103
168,0.3508842066319486
169,0.3495896327426891
170,0.34830602286357687
171,0.3477775412651788
172,0.34654755924614805
173,0.3453110462137591
174,0.344063005508773
175,0.3436650297890373
176,0.34248286435070235
177,0.34123508761777993
178,0.340922396467221
179,0.339781646691279
180,0.33857222242992246
181,0.3374834934883023
182,0.3373202103672292
183,0.3363748069451519
184,0.33515964467824105
185,0.33435329015947024
186,0.3345235691012704
187,0.33330858160294347
188,0.3329672244109792
189,0.3343613467184165
190,0.3423314603472561
191,0.34120873718934736
192,0.3399664837081102
193,0.3397379077595567
194,0.33850576750333133
195,0.3374374572225672
196,0.3362461974812603
197,0.3354840751482717
198,0.3344289012588712
199,0.3337905338256614
200,0.3336564441277818
201,0.3331309501601752
202,0.33195416264621636
203,0.3309520648438195
204,0.330550141727773
205,0.32940092282352285
206,0.32916397499474237
207,0.3281558902849303
208,0.328081480002463
209,0.3284883816583593
210,0.32890977088558226
211,0.32775866789874186
212,0.3267819917827666
213,0.32773504922584556
214,0.32655471618788756
215,0.3283777795282447
216,0.3274023036326565
217,0.33205012240839815
218,0.3300824290063086
219,0.3595585036524693
220,0.3583698498481805
221,0.35777588394908133
222,0.3570747619413149
223,0.35648791584967837
224,0.3555988894205873
225,0.35519049594948715
226,0.35477540831804294
227,0.3545557898985304
228,0.35407479992762136
229,0.35444181766973887
230,0.35439888651026663
231,0.3551525225481473
232,0.3564743135811345
233,0.35897533872177656
234,0.3659663761532746
235,0.38745747160040134
236,0.3861403925578768
237,0.38638992622008467
238,0.38509070399925943
239,0.38520336076749995
240,0.3853457441444513
241,0.3844625161932553
242,0.38427086000902505
243,0.383723553458488
244,0.38376515528680094
245,0.38309621740987626
246,0.3828907986979097
247,0.3823199156256909
248,0.38180056858098804
249,0.3815707990198435
250,0.3812790796714598
251,0.3810846605660908
252,0.3806564801357029
253,0.38042629899915564
254,0.38000225100029467
255,0.38012157730568547
256,0.3795049199207582
257,0.3794838246459752
258,0.3789703552439547
259,0.37892635829207566
260,0.378560822710773
261,0.3783425328173865
262,0.3781391031492377
263,0.37788423462184556
264,0.3775627024925919
265,0.377417416375983
266,0.37709312394897326
267,0.37703431671587406
268,0.3765531604135338
269,0.37647994365792614
270,0.3763011050126151
271,0.37610221259552007
272,0.37580787740251254
273,0.3755825452541851
274,0.37555566617436326
275,0.3751785711486728
276,0.3752150063456843
277,0.3747950774307439
278,0.3747562577654685
279,0.37449177706446096
280,0.37433233729468024
281,0.3740676224715174
282,0.37412889128424126
283,0.3737403698827812
284,0.3736674548098332
285,0.3732919284583166
286,0.3732515341473776
287,0.3730975835471064
288,0.37289740737814003
289,0.3726575560988163
290,0.3725480136487516
291,0.3723163099852102
292,0.37212714669682684
293,0.37189889336315757
294,0.37193642049779374
295,0.3716048404120052
296,0.37152614574195253
297,0.371247015963323
298,0.371207207999825
299,0.37106356772554405
300,0.37088306648609365
301,0.3706733566406869
302,0.37063170202417206
303,0.37032966740337764
304,0.37025208593591497
305,0.36999913382098665
306,0.36991780368411226
307,0.36977910595438185
308,0.36964943119611354
309,0.3694563254440922
310,0.36929288344327665
311,0.3690976808180335
312,0.369015307269561
313,0.3688303842485376
314,0.3688029278569146
315,0.3685385685551694
316,0.36849498923203183
317,0.36834205955059174
318,0.3681635920840692
319,0.3681712408979634
320,0.36791871210190663
321,0.36784588844498234
322,0.36766412761126854
323,0.36759211412201587
324,0.3674244675045988
325,0.3673884068879465
326,0.36715005477461665
327,0.3671064688582285
328,0.36687460803047606
329,0.3668043931292325
330,0.3666124019110359
331,0.3666103953059882
332,0.3664554740096362
333,0.36632010347070376
334,0.3661536133412063
335,0.3660613595268656
336,0.3659357576821875
337,0.3658682795057335
338,0.3656916730468544
339,0.36560925311295034
340,0.3655222614664067
341,0.36538010591858994
342,0.36529851617015724
343,0.36510088591592926
344,0.36509187975953183
345,0.36492849231372854
346,0.36486599175959167
347,0.364713966219432
348,0.3646360070091506
349,0.3645064592065225
350,0.36445637832970035
351,0.36427467055076823
352,0.3642549008402695
353,0.3641104617808176
354,0.36399977780721415
355,0.3638854612197534
356,0.3638441666879896
357,0.36372721768496646
358,0.3636491625312054
359,0.36358290947498656
360,0.3634701397177085
361,0.36341842893246623
362,0.36325882240239465
363,0.36322166191155064
364,0.3630948578440588
365,0.3630448773038335
366,0.36294001927874814
367,0.36285949943512186
368,0.3628072800638047
369,0.36279953666403025
370,0.3627049551160554
371,0.36269345335533226
372,0.3626216951713287
373,0.36259917293909477
374,0.36258167265861
375,0.36252390985874705
376,0.3625486030204567
377,0.36248478216300106
378,0.3624379038577029
379,0.3624078437502764
380,0.3624240926367215
381,0.36235646023555623
382,0.36232779745310545
383,0.3622920002994772
384,0.36232658823270014
385,0.36229676842296715
386,0.36226443484468873
387,0.3622576566876924
388,0.362267012027781
389,0.3622426041617507
390,0.3622463339240239
391,0.3622737498313073
392,0.36224687264597266
393,0.3622397146747101
394,0.3622484317726944
395,0.36230732333292415
396,0.3623192372094814
397,0.3623239124669486
398,0.3623745982852905
399,0.3623934508030171
400,0.36243687333008
401,0.36248794261077094
402,0.3625498924458674
403,0.36265498835147536
404,0.36272874433644714
405,0.3628343497505106
406,0.3629619226831475
407,0.3631221022319371
408,0.36326203034867055
409,0.36351455747491157
410,0.3637838871347163
411,0.36424866680529183
412,0.3646047232904419
413,0.36517474336758193
414,0.3668016565082511
415,0.37051819291000926
416,0.3751832674532758
417,0.37514970185684726
418,0.37504833170407015
419,0.3620140890662976
420,0.37492413459711693
421,0.35516342693404696
422,0.35418474939167055
423,0.3604972384282827
424,0.35452669623045685
425,0.35365677127518785
426,0.3584438824403432
427,0.3522137128916591
428,0.3517375548148895
429,0.35322373247662353
430,0.35044935317518516
431,0.3518311114875842
432,0.3496931302687461
433,0.3493784903541595
434,0.35011222321947183
435,0.34858370922261456
436,0.34936808189395563
437,0.3490712003411983
438,0.3477723940784147
439,0.34845474099866613
440,0.3481962975610363
441,0.3475527416543395
442,0.3479871333133666
443,0.34695346313827663
444,0.34676954924125375
445,0.3472528589660878
446,0.34709082835693295
447,0.34618146286064144
448,0.34647955580293305
449,0.34695105004639476
450,0.3460303794438688
451,0.34585844696655643
452,0.3461873005630629
453,0.34538970194841123
454,0.3457417116809151
455,0.34535099403417535
456,0.34519554249428847
457,0.34554273438039834
458,0.34480903945899316
459,0.3447114833398314
460,0.3449136270589467
461,0.34426380127978756
462,0.3441779047311526
463,0.3444337384762999
464,0.34383544716214726
465,0.3437130084718733
466,0.3439051177860552
467,0.3433544965962438
468,0.34356464336640324
469,0.3432617432185819
470,0.3431914236514344
471,0.3433950361220245
472,0.3428791612820823
473,0.3427757715899107
474,0.3428854456508593
475,0.3424511528666635
476,0.34261442523629054
477,0.34251196794277
478,0.34261846943010554
479,0.3421898675818883
480,0.34209383356657563
481,0.34224811932491783
482,0.3418464295861354
483,0.34199072704767147
484,0.3415664668947626
485,0.3414757157803511
486,0.34158769763752433
487,0.34135919068875015
488,0.34127328115599803
489,0.34143847860798904
490,0.34105135732170555
491,0.34096955091293873
492,0.34102784120895924
493,0.34070317661471605
494,0.3408073410564669
495,0.34072626195476247
496,0.3403793019515112
497,0.34047357581807625
498,0.3404356600856683
499,0.3404836386692959
